brand,model,year,adid
MG,ZS,2022,196511432
Kia,Cerato Coupe,2010,196486134
Mercedes-Benz,CLS,2006,196472964
BMW,520,2019,196421495
Toyota,Land Cruiser,2021,196505458
Mercedes-Benz,E300,2021,194349592
Mercedes-Benz,E200,2022,196237346
Opel,Insignia,2017,196323959
Peugeot,508,2022,196503633
MG,MG 5,2021,196455276
Mercedes-Benz,C300,2020,196514488
Mercedes-Benz,C180,2013,196513161
Renault,Logan,2017,196422840
Subaru,XV,2017,196251144
Hyundai,Accent,2010,196511289
Land Rover,Velar,2020,195496860
Nissan,Sentra,2016,196455654
Mazda,6,2015,196201557
Renault,Megane,2021,195994170
Jaguar,F-type,2015,196289321
Toyota,Corolla,2019,196461134
Mercedes-Benz,C180,2010,196446039
Mercedes-Benz,CLS,2019,196396274
Citroen,Xsara,2001,195663544
Nissan,Sunny,2019,195956152
MG,HS,2021,196079935
Porsche,Boxster,2019,196305631
BYD,F3,2020,196496802
Citroen,C5,2020,196065698
Mercedes-Benz,C180,2009,196449125
Hyundai,Elantra,2013,196495124
Renault,Megane,2005,196446441
Mercedes-Benz,CLA 180,2019,196459936
Land Rover,Discovery Sport,2016,196484878
Mercedes-Benz,C300,2020,196518173
Seat,Leon,2022,196146734
Jaguar,XE,2020,195582491
Land Rover,Range Rover,2013,196510067
Kia,Cerato,2011,196446023
Mercedes-Benz,Other,2015,196496959
Mercedes-Benz,C180,2022,196453748
BMW,316,2015,196485648
BMW,850,2020,196375442
Nissan,Sunny,2022,196306100
Mercedes-Benz,E200,2018,195536981
Mercedes-Benz,CLA 200,2014,196453560
Chevrolet,Cruze,2014,196518326
Other make,Other,2019,196016108
Ford,Kuga,2019,196481996
Toyota,Corolla,2012,196504530
Skoda,Superb,2019,196435544
Hyundai,IX35,2014,196516104
Mitsubishi,Lancer,2007,196436380
Toyota,Corolla,2014,196265481
Geely,Emgrand X7,2020,196451708
MG,RX5,2019,196435981
Kia,Picanto,2012,196516560
BMW,335,2013,196379830
Mitsubishi,Lancer,2007,196265601
Nissan,Qashqai,2019,196400928
Mercedes-Benz,E200,2021,196123757
Mercedes-Benz,B150,2007,196419097
Mitsubishi,Lancer,2004,196517225
Skoda,Superb,2019,196517143
Land Rover,Evoque,2023,196444054
BMW,X7,2020,196517651
Suzuki,S-Presso,2021,196494230
Peugeot,508,2015,196505141
Mercedes-Benz,Other,2020,196517752
Fiat,Tipo,2021,196517973
Peugeot,508,2013,196513868
Volkswagen,Passat,2016,196362428
Citroen,C4 Grand Picasso,2019,196503344
Nissan,Sentra,2021,196040469
BYD,F3,2020,196381991
Chevrolet,Aveo,2015,195778745
Chevrolet,Optra,2020,196382364
Chery,Arrizo 5,2021,196382468
Land Rover,Discovery,2006,196477652
Hyundai,Accent,2021,196383350
Kia,Cerato,2020,196423256
BMW,530,2018,196513475
Nissan,Sunny,2020,196479163
Hyundai,Elantra,2007,196501724
Mercedes-Benz,C180,2019,196513395
Jeep,Grand Cherokee,2014,196513618
Mercedes-Benz,E180,2019,196513506
Jeep,Cherokee,2002,196513689
Nissan,Qashqai,2013,196513342
Peugeot,301,2020,196513800
Chevrolet,Malibu,2019,196512060
Chrysler,Town and Country,2001,196513479
Renault,Sandero,2013,196382955
Mercedes-Benz,E300,2020,196513502
Chevrolet,Optra,2007,196502339
Citroen,C4 Grand Picasso,2016,196492336
Volkswagen,Passat,2021,196480351
Nissan,Sunny,2023,196511758
Subaru,XV,2019,196480312
Kia,Cerato,2010,196512874
Seat,Ibiza,2021,196461409
Chevrolet,Aveo,2014,196512995
Toyota,Corolla,2019,196500280
Suzuki,Alto,2016,195778571
Skoda,Octavia,2013,196066430
Honda,Civic,2012,196499452
Hyundai,Accent,2015,196510116
Chery,Other,2021,196511523
Mercedes-Benz,C200,2019,196510513
Peugeot,3008,2014,196466034
Geely,Emgrand 7,2014,196509223
BMW,X5,2003,196511373
Opel,Astra,2020,196511564
Fiat,Tipo,2020,196511309
Opel,Vectra,2008,196490638
Hyundai,Elantra,2015,196511718
Kia,Picanto,2017,196511595
Chevrolet,Optra,2006,196511726
Nissan,Sentra,2017,196511786
Mercedes-Benz,E180,2018,196431227
Jac,S3,2017,196445270
MINI,Cooper,2021,196511489
Hyundai,Elantra,2007,196430808
Nissan,Sunny,2021,196463175
Hyundai,Verna,2011,196510844
Toyota,Corolla,2020,196511922
Honda,Civic,2008,196503242
Chevrolet,Lanos,2018,196512036
Toyota,C-HR,2022,196512519
Chevrolet,Optra,2022,196432097
Geely,Emgrand X7,2019,196431946
Kia,Cerato,2015,196512433
Jeep,Liberty,2006,196490748
Hyundai,Elantra,2019,196510394
Hyundai,Accent,2021,196509826
BMW,316,2011,196462279
Volkswagen,Tiguan,2021,196477563
Kia,Cerato,2017,196510468
Toyota,Yaris,2013,196487234
Mercedes-Benz,C180,2019,196487165
BMW,316,2010,196490838
Toyota,Corolla,2021,196497951
Speranza,A113,2011,196509907
BMW,316,2006,196512674
Citroen,DS3,2013,196510080
MG,MG 5,2021,195300072
MG,6,2021,195300139
Hyundai,Tucson,2019,195994091
MG,RX5,2021,195303005
Seat,Ibiza,2021,196428219
Fiat,Tipo,2021,194782964
Mercedes-Benz,E200,2014,196428609
BMW,316,2014,196488463
Hyundai,Elantra,2012,196444965
Mercedes-Benz,C250,2010,196509943
Ford,Focus,2014,196444151
Nissan,Tiida,2007,196460135
Chevrolet,Sonic,2012,195634945
Jeep,Other,2009,196510540
Speranza,A516,2012,196510530
Chery,Arrizo 5,2020,196476630
BMW,118,2014,196510680
Nissan,Sunny,2020,196009821
Hyundai,Matrix,2010,196505552
Kia,Carens,2022,196429080
Dodge,Ram,2007,196510316
Land Rover,Range Rover Sport,2018,196489229
Mitsubishi,Pajero,2014,196426890
Other make,Karry,2020,196508329
Mercedes-Benz,A200,2021,196191314
Nissan,Sunny,2013,196223261
MINI,Cooper,2019,196506087
Toyota,Fortuner,2023,196424854
Ford,Focus,2008,196508883
Kia,Sportage,2017,196454991
Nissan,Sentra,2017,196406824
Skoda,Octavia,2010,196440691
Mercedes-Benz,C180,2019,196456024
Hyundai,Tucson,2022,196456884
Mazda,3,2017,196456821
Volkswagen,Passat,2012,196485527
Opel,Astra,2015,196472349
Lamborghini,Other,2022,195405442
Nissan,Sunny,2022,196508937
Kia,Sportage,2017,194027003
Suzuki,Van,2016,196505611
Volkswagen,Jetta,2008,196508994
Alfa Romeo,Stelvio,2020,196424659
Hyundai,Accent,2018,196448985
Peugeot,508,2022,196458486
Skoda,Octavia,2021,196379308
Renault,Logan,2018,196427199
Peugeot,3008,2022,196470140
Chevrolet,Optra,2019,196471558
Chevrolet,Lanos,2019,196498007
Volkswagen,Passat,2022,196501124
Kia,Cerato Coupe,2010,196506468
Opel,Insignia,2017,196255770
DFSK,Eagle 580,2019,196505789
Peugeot,3008,2022,196470017
Fiat,Tipo,2022,196505962
BMW,316,2013,195078086
Skoda,Octavia,2009,196505718
Hyundai,Verna,2015,196422937
Mitsubishi,Lancer,2008,196505982
Jac,S3,2018,196438147
Mazda,6,2015,196466852
MG,MG 5,2020,196462216
Toyota,Avanza,2012,196483103
Mitsubishi,Xpander,2023,196484517
Toyota,Corolla,2021,196506833
Peugeot,508,2021,196508688
Hyundai,Elantra,2016,196507168
Volkswagen,Passat,2018,196507433
Chevrolet,Cruze,2016,196507297
Speranza,A113,2010,196507372
Nissan,Sunny,2021,196508659
Proton,Gen-2,2013,196508455
Mercedes-Benz,E350,2020,196508551
Jeep,Wrangler,2010,194901593
BMW,320,2019,196485316
Hyundai,Elantra,2012,196507402
Chevrolet,Spark,2010,196506520
Renault,Megane,2016,196486023
Hyundai,Verna,2016,196507713
Peugeot,508,2013,196507711
Hyundai,IX35,2012,196507440
Hyundai,Elantra,2016,196472930
Mercedes-Benz,B200,2013,196508261
MG,ZS,2020,196508022
Nissan,Sentra,2018,196508299
Mitsubishi,Lancer,2018,196506928
Hyundai,Elantra,2008,196457968
Hyundai,Elantra,2020,196458580
Fiat,Tipo,2019,196457747
Mercedes-Benz,E180,2017,196508165
Hyundai,Verna,2015,196473706
BMW,X3,2016,196497195
Mercedes-Benz,E240,2001,196501904
Porsche,Cayenne,2012,196271114
Mercedes-Benz,S500,2021,196505688
Fiat,Tipo,2019,196500605
Mercedes-Benz,S320,2002,196500659
Volkswagen,Passat,2017,196501401
Mitsubishi,Lancer,2000,196501550
Kia,Cerato,2011,196501128
Chevrolet,Cruze,2016,196501409
Ford,Mustang,2017,196501578
Porsche,Boxster,2016,196501620
Porsche,Cayman,2014,196501660
Hyundai,Accent,2008,196501786
Porsche,Carrera,2008,196501759
Mitsubishi,Lancer,2007,196502173
Renault,Fluence,2011,196502712
Nissan,Sunny,2023,196418479
Mercedes-Benz,Maybach,2015,196368337
Toyota,Corolla,2021,196503110
Kia,Cerato,2018,196499546
Mercedes-Benz,S500,2014,196066472
Daewoo,Nubira,2004,196499175
Fiat,Siena,2000,196498723
Jaguar,F-Pace,2019,196502949
MG,MG 5,2022,196499680
Hyundai,Accent,2017,196498201
Ssang Yong,Tivoli XLV,2020,196498412
Peugeot,3008,2019,196498458
Chevrolet,Cruze,2016,196503141
Kia,Rio,2015,196497505
Jeep,Cherokee,2012,196497038
BYD,L3,2016,196496704
Jeep,Cherokee,2011,196497447
Baic,X3,2022,196497271
Mercedes-Benz,GL-Class,2013,196501847
Subaru,Impreza,2010,196497956
BMW,340,2018,194187399
Kia,Cerato,2018,196497372
Proton,Gen-2,2014,196491113
Nissan,Sunny,2021,196409984
Chevrolet,Cruze,2016,196479688
Hyundai,Getz,2011,196497908
Renault,Logan,2016,196498151
Speranza,Envy,2018,196498797
Hyundai,Grand I10,2015,196498593
Kia,Sportage,2020,196498905
Skoda,Octavia,2015,196412070
Jaguar,E-Pace,2018,196413236
Mercedes-Benz,E200,2018,196499183
Seat,Ibiza,2019,196498715
BYD,L3,2016,196498701
Mercedes-Benz,E180,2019,196499364
Classic,Classic,2021,196491057
BMW,X6,2010,196499519
Subaru,Legacy,2010,196499800
Seat,Ibiza,2021,196499951
Mercedes-Benz,G-Class,2018,196413662
Speranza,Tiggo,2021,195989422
Mercedes-Benz,E300,2021,196496996
Mercedes-Benz,C250,2011,196494323
Mercedes-Benz,E200,2021,196500021
Peugeot,508,2016,196402215
Nissan,Sunny,2019,196499875
Renault,Logan,2014,196492865
Hyundai,Elantra,2019,196492545
BMW,X3,2012,196402530
Kia,Sportage,2017,196493010
Hyundai,Creta,2016,196493079
MG,MG 5,2020,196493009
Jeep,Grand Cherokee,2016,196493652
Hyundai,Verna,2010,196491573
Mitsubishi,Lancer,2015,196406150
Kia,Cerato,2016,196406537
BYD,F3,2018,196494658
Skoda,Octavia,2021,196492793
Hyundai,Elantra,2018,196494671
Jeep,Wrangler,2012,196401483
Hyundai,Accent,2019,196494413
Jeep,Renegade,2017,196494824
Hyundai,Santa Fe,2013,196489542
Daihatsu,Terios,2007,196495421
Subaru,Impreza,2009,196495431
Hyundai,Elantra,2016,196188192
Kia,Ceed,2019,196491658
Suzuki,Ciaz,2022,196484977
Fiat,Tipo,2022,196397454
Renault,Logan,2022,196488431
Opel,Astra,2016,196489020
Mercedes-Benz,C250,2011,196488972
Toyota,Corolla,2020,196489274
Mercedes-Benz,A180,2021,196330940
MG,ZS,2022,196344844
Nissan,Sunny,2020,196489467
Alfa Romeo,Giulietta,2020,196489403
Chevrolet,Captiva,2021,196488399
Renault,Logan,2016,196489389
Nissan,Sunny,2021,196489540
Renault,Megane,2020,196489482
BMW,X2,2019,196489545
MG,MG 5,2021,196485305
Ford,Kuga,2018,196485323
Renault,Logan,2010,196483210
Mercedes-Benz,E350,2018,196484005
Hyundai,Verna,2015,196485925
Opel,Astra,2015,196485394
BMW,320,2015,195996251
Hyundai,Accent,2015,196485521
Renault,Sandero,2017,196485861
Ssang Yong,Tivoli XLV,2019,196486142
Toyota,Corolla,2007,196486081
Nissan,Juke,2021,195910772
Volkswagen,Jetta,2010,196485967
Mercedes-Benz,C180,2022,196486295
Hyundai,Elantra,2017,196486307
Nissan,Sentra,2021,196486509
Nissan,Qashqai,2016,196486542
Kia,Xceed,2022,196120753
Jeep,Cherokee,2015,196177476
Peugeot,3008,2013,196486825
Mercedes-Benz,C180,2010,196278704
BMW,X1,2020,196486329
Audi,A4,2009,196481565
Toyota,Corolla,2009,196486890
Mitsubishi,Lancer,2008,196479535
BMW,520,2018,196484450
Kia,Pride,2000,196479829
Mitsubishi,Lancer,2016,196480290
Mitsubishi,Lancer,2015,196480260
BMW,X3,2016,195963926
BMW,320,2014,196479713
Toyota,Yaris,2007,196386492
Nissan,Sunny,2018,196407690
Proton,Gen-2,2010,196482229
Honda,Accord,2019,196479044
Volkswagen,Golf,2004,196482207
Opel,Grandland,2021,196483022
Mercedes-Benz,C250,2010,196482990
Fiat,Tipo,2022,196482968
Skoda,Octavia,2021,196483122
Volvo,V 60,2021,196483087
Changan,Benni mini,2016,196312643
Hyundai,Tucson,2019,196483399
Hyundai,IX35,2016,196483259
Seat,Ibiza,2020,196483190
Peugeot,2008,2021,193865913
Hyundai,H1,2017,196225856
Citroen,C-Elysée,2019,196479882
Dodge,Dart,2013,196483633
MINI,John Cooper Works,2020,196483827
Kia,Rio,2001,196478706
BYD,F3,2020,196480639
Opel,Corsa,2013,196484363
Mercedes-Benz,C200,2019,196390853
Renault,Megane,2018,196484802
BYD,F3,2018,196484232
Renault,Captur,2017,196482031
Geely,Pandido,2015,196475781
Renault,Fluence,2016,196475514
BMW,523,2007,196478419
BMW,318,2018,196475759
BMW,320,2015,196476161
Mercedes-Benz,CLA 180,2017,196476350
Geely,Emgrand 7,2015,196475786
Jaguar,XF,2014,196476164
Fiat,Tipo,2021,196476108
Chevrolet,Aveo,2012,196475116
Nissan,Sunny,2017,196476012
Mercedes-Benz,E350,2019,196359216
Nissan,Sunny,2012,196465372
Hyundai,Matrix,2008,196476707
Chery,Tiggo,2017,196476861
Renault,Kadjar,2017,193299553
BMW,X5,2017,196022543
Fiat,Punto,2008,196477374
Kia,Cerato,2017,196382346
Land Rover,Range Rover Vogue,2013,196477602
Skoda,Octavia,2008,196477510
BMW,340,2019,196477577
Kia,Sportage,2022,196474497
Kia,Cerato,2015,196477987
Chevrolet,N300,2021,196470866
Hyundai,Accent,2010,196477838
Senova,X35,2018,195990818
Mitsubishi,Lancer,2007,196470441
Land Rover,Range Rover Vogue,2020,196471140
Nissan,Sunny,2022,196373883
Dodge,Dart,2013,196397257
Kia,Xceed,2022,196471479
Kia,Ceed,2017,196471662
Skoda,Kodiaq,2022,196396335
Honda,City,2008,196471966
Hyundai,Verna,2013,196465900
MINI,Cooper,2016,196375610
Hyundai,Accent,2008,196472793
Volkswagen,Passat,2017,196376015
Toyota,Corolla,2020,196471401
Jeep,Wrangler,2010,196470770
Renault,Megane,2021,196376653
Ford,Fusion,2021,196376620
Nissan,Sunny,2020,196473195
Porsche,Macan,2022,196473374
Skoda,Octavia,2021,195453615
Nissan,Qashqai,2017,196473207
Hyundai,Matrix,2003,196473472
Kia,Carens,2012,196465001
Chevrolet,Lanos,2009,196473992
Toyota,Corolla,2020,196472529
Kia,Picanto,2017,196469155
Opel,Grandland,2018,196474572
Renault,Megane,2018,196430391
Nissan,Sunny,2022,196463387
Kia,Sportage,2019,196463454
Hyundai,Elantra,2017,196463450
Fiat,Tipo,2021,196364463
Mercedes-Benz,E350,2020,196463691
Volkswagen,Passat,2006,196463730
Porsche,Boxster,2010,196464235
Renault,Logan,2020,196464492
Toyota,Yaris,2015,196465415
MINI,Cooper s,2008,196473081
Kia,Cerato,2014,196465590
Ford,Focus,2018,196466568
MG,MG 5,2022,196397083
Mercedes-Benz,Other,2022,196365417
Kia,Rio,2015,196277092
Lada,2107,2008,196336110
Ford,Focus,2017,196126482
Nissan,Sunny,2020,196467260
Kia,Sportage,2021,196467397
Mazda,3,2010,196467844
Chery,Arrizo 5,2022,196460477
Kia,Rio,2012,196443640
Fiat,Shahin,2001,196455081
BMW,523,2011,196361528
Jeep,Renegade,2018,196361631
Haval,Jolion,2022,196457599
Opel,Astra,2017,196459722
Peugeot,301,2015,196460017
Peugeot,508,2017,196104669
Kia,Cerato,2015,196459941
Nissan,Juke,2021,196448624
Land Rover,Range Rover Sport,2020,196460148
Mercedes-Benz,C200,2001,196460287
Land Rover,Velar,2020,196359648
Mercedes-Benz,E300,2021,196363204
Hyundai,Matrix,2008,196460595
Nissan,Qashqai,2018,196460820
Skoda,Octavia,2020,196461042
Hyundai,Creta,2021,196461035
Toyota,Fortuner,2023,196461048
Mitsubishi,Pajero,2010,196461058
Daihatsu,Gran Max,2014,196460723
BMW,X6,2019,196461087
Chery,Arrizo 5,2020,196461173
BMW,118,2021,196461300
Mitsubishi,Lancer,2018,196461136
Mercedes-Benz,C180,2017,196459678
BMW,X3,2008,196459076
Fiat,500X,2020,196455498
Jeep,Cherokee,2013,196459069
Renault,Duster,2018,196252151
Ford,Focus,2008,196454966
Kia,Rio,2015,196455636
Kia,Cerato,2022,196456151
Citroen,C3,2004,196455695
Kia,Cerato,2020,196456077
Toyota,Corolla,2019,196456424
Porsche,Carrera,2021,193995137
Toyota,Corolla,2021,196456456
Mercedes-Benz,C180,2018,196455907
Ford,Focus,2014,196456680
Toyota,Yaris,2021,196262660
Nissan,Sunny,2023,195484323
Speranza,A113,2013,196454920
Volkswagen,Passat,2011,196456907
Hyundai,Verna,2013,196457009
Lamborghini,Other,2022,196457079
Skoda,Superb,2021,196456934
Peugeot,3008,2021,196457191
Hyundai,Getz,2011,196433037
Nissan,Qashqai,2018,196458727
Chevrolet,Lanos,2018,196431189
Nissan,Qashqai,2014,196455841
Ford,Focus,2021,196458579
Nissan,Sunny,2013,196457370
Skoda,Kodiaq,2021,196458755
Nissan,Qashqai,2016,196446967
Speranza,A516,2011,196447029
MG,MG 5,2015,196455485
BYD,F3,2018,196360567
Speranza,A11,2011,196393224
BMW,320,2018,196447090
Peugeot,508,2019,196447493
Chevrolet,Camaro,2010,196446459
Hyundai,Elantra,2020,196456796
Peugeot,5008,2022,196349075
Mercedes-Benz,E200,2015,196348485
Renault,Logan,2013,196447849
Suzuki,Ciaz,2016,196449101
Toyota,Corolla,2008,196448179
Chevrolet,Optra,2020,196416842
BMW,525,2000,196444841
Toyota,Corolla,2010,196449846
Toyota,Corolla,2022,196448514
BMW,316,2015,196449513
Nissan,Sunny,2020,196354144
Subaru,XV,2021,196353546
Mercedes-Benz,GLC 300,2022,196304497
Nissan,Sunny,2022,196450102
Volkswagen,Passat,2000,196452226
Speranza,Tiggo,2022,196354729
Fiat,Tipo,2021,196452723
Opel,Astra,2013,195678363
Renault,Fluence,2016,196453051
Chery,Tiggo,2023,196419747
Toyota,Rav 4,2008,195387906
Opel,Crossland,2018,196444434
Jeep,Grand Cherokee,2019,196446334
Land Rover,Range Rover Sport,2020,196453071
Nissan,Sunny,2022,196453254
MINI,Cooper s,2008,196038810
Nissan,Sunny,2020,196446018
Porsche,Other,2023,196443828
Mercedes-Benz,E280,2007,196444015
Kia,Soul,2015,196443998
BMW,340,2019,196345622
Peugeot,307 SW,2006,196442038
MG,MG 5,2022,196444418
Jeep,Cherokee,2008,196444532
Kia,Cerato Coupe,2011,196444619
BMW,520,2021,196444824
Renault,Duster,2016,196444998
Skoda,Superb,2022,196445327
Mitsubishi,Lancer,2008,196346352
Hyundai,Elantra,2015,196443174
Nissan,Sunny,2019,196445713
Toyota,Corolla,2014,196445685
Skoda,Octavia,2021,196445271
BMW,318,2016,196445663
Fiat,500X,2020,196329131
Nissan,Qashqai,2020,196441754
Toyota,Yaris,2015,196346735
Chrysler,PT Cruiser,2006,196439866
Geely,Emgrand 7,2015,196445784
Speranza,A113,2013,196442592
Nissan,Sunny,2019,196342222
Seat,Toledo,2000,196438088
Volkswagen,Passat,2009,196437995
Renault,Duster,2019,196407323
Mercedes-Benz,GLA 200,2021,196439708
Chevrolet,Optra,2023,195728178
Suzuki,Ciaz,2022,196439772
Jeep,Renegade,2017,196439487
Chrysler,C300,2006,196438629
Ford,Fusion,2021,196440393
Seat,Leon,2022,196443037
Land Rover,Range Rover Sport,2022,196345792
BMW,X5,2018,195964821
Renault,Logan,2021,196440556
Mercedes-Benz,E250,2011,196340575
Kia,Cerato,2021,196341388
Hyundai,Accent,2013,196440800
BYD,F3,2017,196441036
Jeep,Grand Cherokee,2017,196441259
Mitsubishi,Lancer,2016,196441380
Fiat,Grand Punto,2010,196440593
Kia,Soul,2013,196441050
Opel,Insignia,2018,196429757
Mercedes-Benz,CLA 200,2020,196429535
Chevrolet,Pickup/Dababa,2019,196429173
Chery,Tiggo,2022,196430440
Renault,Logan,2020,196330465
Alfa Romeo,Giulietta,2021,196430492
Seat,Tarraco,2021,196329856
Speranza,M11,2012,196330374
Mitsubishi,Lancer,2016,196330515
BMW,630,2006,196331768
Speranza,A113,2011,196417018
Hyundai,Elantra,2015,196330681
Audi,A5,2018,196431299
Hyundai,Accent,2020,196430891
Skoda,Octavia,2012,196429665
Proton,Waja,2006,196431446
Nissan,Sunny,2018,195762720
Honda,Civic,2013,196425832
MG,ZS,2020,196433002
MG,MG 5,2022,196432970
Kia,Cerato,2021,196432850
Mercedes-Benz,CLA 180,2015,196434693
MG,6,2022,196435017
Skoda,Octavia,2021,196335673
Chevrolet,Malibu,2019,196435428
Mercedes-Benz,E300,2020,196434751
Mercedes-Benz,E200,2014,196435460
Toyota,Fortuner,2016,196435905
Citroen,C5,2020,196393167
Mercedes-Benz,E250,2010,196436434
Hyundai,Elantra,2016,196425397
Mercedes-Benz,CLA 200,2020,196436679
Mercedes-Benz,E300,2020,196436820
Jeep,Wrangler,2010,196428910
Hyundai,Elantra,2021,196428929
Mercedes-Benz,A200,2019,196425507
Peugeot,508,2015,178709747
Skoda,Karoq,2020,196415760
Chevrolet,Other,2020,196426101
Hyundai,Verna,2013,196426419
Hyundai,Matrix,2008,194459764
Changan,Alsvin,2022,196426559
Jeep,Cherokee,2022,196204647
Renault,Megane,2022,195208911
Daihatsu,Materia,2007,196426243
Peugeot,607,2001,196434216
Opel,Crossland,2021,196427037
Renault,Kadjar,2021,196426843
Opel,Crossland,2020,196426960
Mercedes-Benz,GLK 300,2010,196427022
Jetour,X95,2022,196427250
Chevrolet,Aveo,2009,196427196
Mitsubishi,Pickup,2007,184774301
Daewoo,Lanos,2000,196427575
Mercedes-Benz,A200,2021,196427180
Opel,Astra,2020,196427523
Audi,Q7,2021,196322498
BYD,F3,2019,196427820
Renault,Logan,2016,196427879
Hyundai,Elantra,2012,196427945
Volvo,XC60,2019,196427961
Suzuki,Swift,2022,196428158
Fiat,Grand Punto,2013,196428314
Peugeot,407,2008,195193933
Seat,Leon,2010,196428448
Opel,Mokka,2016,196428115
Nissan,Sunny,2022,196427922
Skoda,Octavia,2012,196428791
Nissan,Qashqai,2021,196328273
Fiat,Tipo,2022,196426046
Renault,Kadjar,2020,196428836
Toyota,Corolla,2022,196418763
Kia,Rio,2001,196428873
Hyundai,Verna,2008,196416365
Chevrolet,Lanos,2019,196425089
Hyundai,Elantra,2022,196416323
Volkswagen,Golf,2000,196416502
Toyota,Corolla,2013,196315414
Kia,Sportage,2021,196348416
Peugeot,3008,2011,196418374
Ford,Windstar,2000,196418040
Mercedes-Benz,E300,2010,196416893
Suzuki,Ertiga,2019,196417944
Hyundai,IX35,2015,196419207
Nissan,Sunny,2018,196418706
BMW,X3,2013,193684968
BYD,F3,2016,196418682
Daewoo,Lacetti,2007,196419739
Seat,Ibiza,2021,196408766
Toyota,Yaris,2015,196420459
Kia,Cerato,2017,196339399
Speranza,A113,2010,196422501
Jeep,Grand Cherokee,2015,196320455
Mercedes-Benz,GLC 300,2022,196421895
Chevrolet,Aveo,2009,196422582
Opel,Astra,2002,196421730
Opel,Astra,2014,196069231
Mercedes-Benz,CLA 200,2022,196422885
Speranza,A516,2008,196412119
Chevrolet,Cruze,2015,196410949
Hyundai,Elantra,2021,196413199
Chevrolet,Aveo,2015,196395319
Citroen,C3 Picasso,2014,196411116
Hyundai,Elantra,2010,196398255
Suzuki,SX4,2016,196411968
Geely,Emgrand X7,2019,196411706
Nissan,Sunny,2020,196412672
Opel,Astra,2016,196412738
Seat,Ibiza,2019,196397967
Volkswagen,Golf,2014,196409287
BMW,318,2003,196412291
Chevrolet,Optra,2017,196412991
Volkswagen,Golf,2007,196412880
Fiat,Tipo,2018,196412682
Mitsubishi,Lancer,2015,196412347
Mercedes-Benz,B200,2013,196412081
Subaru,Impreza,2018,196413085
Mercedes-Benz,CLA 180,2017,193929916
Mercedes-Benz,GLA 200,2018,196409708
Nissan,Qashqai,2020,196409878
Jeep,Wrangler,2011,196412942
MG,6,2021,196413375
Volkswagen,Tiguan,2020,194997662
Land Rover,Velar,2021,196400425
Mercedes-Benz,E220,2004,196413735
Chevrolet,Trailblazer,2004,194500214
BMW,X3,2014,196406322
Audi,A3,2003,196406142
Opel,Grandland,2020,196279708
Nissan,Sunny,2011,196405983
Lada,2106,2016,196405982
Chery,Envy,2018,195875016
Opel,Insignia,2019,196406615
Jeep,Wrangler,2010,196406604
BYD,F3,2022,196406627
Mercedes-Benz,B200,2015,196406927
Opel,Insignia,2019,196271196
Nissan,Qashqai,2016,196407478
Hyundai,Accent,2010,196319925
Nissan,Sunny,2020,196402074
Skoda,Kodiaq,2019,196407681
Peugeot,301,2014,196406710
BMW,X5,2019,196407739
Hyundai,Accent,2012,196407830
Kia,Cerato,2016,196406831
Isuzu,Other,2017,196404878
Nissan,Sunny,2013,196408555
Jeep,Wrangler,2017,196305921
Renault,Megane,2015,196408877
Nissan,Tiida,2013,196306213
Chery,Tiggo,2022,196409226
Fiat,Doblo,2022,196408942
Audi,Q7,2019,196409225
Mercedes-Benz,E250,2011,196409302
Toyota,Yaris,2007,196409422
Nissan,Pickup,2016,196399604
Citroen,C5,2014,196409037
Opel,Astra,2020,196409327
Chevrolet,Spark,2008,196389652
BMW,318,2017,196398672
Skoda,Octavia,2009,196397750
Volkswagen,Passat,2021,196398749
Hyundai,Tucson,2020,196279152
Renault,Duster,2018,196392720
Hyundai,Elantra,2021,196396705
BMW,X3,2012,196399046
Toyota,Corolla,2022,196345971
MG,RX5,2019,196344207
Fiat,Tipo,2018,196399590
Fiat,500X,2019,196399796
Mazda,3,2016,196400083
Infiniti,QX,2014,196399931
Jac,S3,2019,196398588
BMW,335,2013,196390460
Citroen,C-Elysée,2020,196400292
BMW,318,2018,196401156
Opel,Crossland,2022,196401853
BMW,X3,2013,196262215
Chrysler,Town and Country,2012,196402889
Land Rover,Range Rover Sport,2021,196234989
MINI,Cooper Roadster,2012,196397382
Changan,Benni mini,2016,196402317
Toyota,Prado,2017,196395958
Kia,Sorento,2021,196394137
Volkswagen,Jetta,2007,196347385
Hyundai,Santa Fe,2013,196394055
Subaru,XV,2016,196402970
Nissan,Sunny,2019,196394136
Land Rover,Range Rover,2017,196390844
Audi,Q8,2023,196391201
Hyundai,Verna,2005,196389966
Chevrolet,Optra,2023,196391184
Chevrolet,Pickup/Dababa,2019,196391178
Jac,S7,2022,196014681
Renault,Logan,2016,196390785
Suzuki,Maruti,2014,196384343
Ford,Fiesta,2014,196390855
MG,6,2022,196390976
Mercedes-Benz,B200,2013,195893930
Audi,Q3,2023,196391403
Mercedes-Benz,E200,2021,196392317
Mazda,3,2013,196287342
Citroen,DS5,2014,196342523
Fiat,Shahin,2001,196392087
Mercedes-Benz,C180,2000,196288468
Toyota,Corolla,2022,196392470
Opel,Insignia,2018,196395499
BYD,F3,2022,196396006
Daihatsu,Grand Terios,2009,195868243
Toyota,Land Cruiser,2019,196395650
Lada,Granta,2021,196396704
Kia,Carens,2011,196397470
Nissan,Qashqai,2021,196292568
Nissan,Qashqai,2018,196380796
Chevrolet,Other,2012,196396305
BMW,X1,2018,196389593
Peugeot,3008,2020,196385757
Chevrolet,Spark,2012,196387745
Honda,Civic,2005,196328742
Mercedes-Benz,CLA 200,2020,196387629
Hyundai,Tucson,2020,196286360
Citroen,Xsara,2002,196381715
BMW,X1,2020,196277778
Seat,Leon,2015,196382420
Suzuki,S-Presso,2021,196382198
Chevrolet,Cruze,2016,196382566
Speranza,A620,2007,196382659
Peugeot,3008,2021,196218633
Toyota,Yaris,2015,196383290
Chevrolet,Optra,2021,196383162
Toyota,Echo,2000,196383069
Audi,A3,2022,196383391
Nissan,Armada,2006,196383216
MG,ZS,2021,196279234
Mercedes-Benz,E63,2022,196281131
BMW,320,2016,196383755
Hyundai,Avante,2005,196385015
BMW,320,2013,196384339
MG,ZS,2019,196385084
Toyota,Yaris,2008,196386921
Mitsubishi,Pajero,2003,196388510
Nissan,Sunny,2011,196386414
MG,RX5,2019,196387351
Mitsubishi,Lancer,2009,196387515
Mazda,3,2017,195029650
Kia,Soul,2015,196381497
Peugeot,301,2021,196374822
BMW,525,2009,196389514
Hyundai,Grand I10,2017,196375106
Opel,Vectra,2008,196370733
MG,MG 5,2021,196375134
Geely,Other,2005,194941789
Kia,Picanto,2013,195974280
Seat,Ibiza,2020,196377019
Kia,Cerato,2010,196367659
Hyundai,Elantra,2017,196377257
Volkswagen,Tiguan,2017,196377956
Chery,Arrizo 5,2022,196378236
Kia,Sportage,2021,196276593
Mercedes-Benz,E200,2022,196274705
Hyundai,Elantra,2023,196366547
Chevrolet,Other,2000,196371587
Hyundai,Verna,2012,196378262
Infiniti,Other,2017,196377484
BMW,316,2010,196378950
Speranza,A516,2008,196363179
Opel,Astra,2019,195114875
Mercedes-Benz,E300,2021,196378584
Fiat,Punto,2011,196269430
Mercedes-Benz,GLC 300,2019,196367713
Fiat,Tipo,2021,196241902
Land Rover,Range Rover Sport,2021,196368370
Fiat,Tipo,2021,196368051
Ford,Fusion,2015,196021483
Mercedes-Benz,GLC 300,2019,196342104
Kia,Rio,2013,196368703
Subaru,Impreza,2009,196368658
Skoda,Octavia,2010,196368882
Suzuki,Pick up,2015,196369272
Nissan,Sunny,2022,196368737
Skoda,Rapid,2018,196369497
BMW,640,2016,196369849
Nissan,Sunny,2018,196369730
Renault,Logan,2010,196355394
Hyundai,IX35,2016,196372184
MINI,Cooper,2017,196370008
Kia,Sportage,2021,196267939
MG,RX5,2021,196371449
Chery,Tiggo,2022,196372475
Chevrolet,Spark,2020,196372732
BMW,X5,2017,196269569
BMW,X3,2019,196269645
Jeep,Cherokee,2009,196269463
Mercedes-Benz,GLC 250,2023,196361754
Land Rover,Defender,2023,196361436
Volkswagen,Golf,2011,196372660
BMW,Other,2023,196361549
BYD,F3,2018,196360957
BMW,528,2011,196362138
Mitsubishi,Lancer,2016,196360591
Renault,Clio,2001,196360831
Mercedes-Benz,G-Class,2023,196361630
BYD,F3,2020,196360952
Mercedes-Benz,GLA 200,2022,196361390
Chevrolet,Captiva,2010,196357721
MG,6,2021,196343661
BYD,F3,2021,196359849
Peugeot,3008,2019,196257198
Mercedes-Benz,E350,2006,196361643
Honda,City,2009,196361560
Mercedes-Benz,C200,2022,196233872
Honda,Civic,2019,196361352
Mercedes-Benz,C200,2022,196362419
Audi,A5,2019,196362348
Kia,Sportage,2014,196362359
BMW,523,2010,196362051
Ssang Yong,Tivoli,2020,183727322
Audi,A4,2011,196362725
Mercedes-Benz,GLC 300,2021,195982691
Hyundai,Elantra,2021,196259036
Peugeot,508,2014,196362980
Suzuki,Van,2012,196292049
Mercedes-Benz,E200,2005,196362844
Mercedes-Benz,C250,2010,196362818
Geely,Emgrand 7,2014,196362131
Skoda,Octavia,2004,196363485
Mercedes-Benz,E180,2019,196364834
Nissan,Sunny,2022,196363197
Mercedes-Benz,A150,2005,196363595
Subaru,Impreza,2016,196364957
Opel,Astra,2008,196364586
Kia,Rio,2015,196359605
Hyundai,Elantra,2019,196358267
Mercedes-Benz,S350,2010,193369821
Chevrolet,Pickup/Dababa,2019,196354482
Peugeot,508,2019,196352671
Chevrolet,Optra,2022,196354418
Kia,Cerato,2012,196343568
Chevrolet,Optra,2016,196354972
Peugeot,2008,2016,196355874
BMW,X3,2015,196354958
MG,6,2020,196356720
Audi,A3,2020,196348727
Land Rover,Range Rover Sport,2012,196345209
Opel,Astra,2019,196253864
Chery,Envy,2018,196356780
MG,6,2021,196254191
Lada,2107,2007,196303788
Toyota,Corolla,2019,196358377
Mercedes-Benz,C180,2020,196342427
Nissan,Qashqai,2021,196358524
Chevrolet,Captiva,2020,196358723
Toyota,Corolla,2020,196358939
Mercedes-Benz,S500,2019,196274784
Hyundai,IX35,2016,196359212
BYD,F3,2011,196359077
Opel,Grandland,2022,196359581
Hyundai,Tucson,2019,196359892
Toyota,Corolla,2019,196359778
BMW,116,2010,196359644
Mercedes-Benz,C180,2009,196351787
Alfa Romeo,Giulia,2021,196344565
Mercedes-Benz,A200,2018,196326796
Nissan,Sunny,2019,196349979
Toyota,Rumion,2022,196359997
King Long,Van,2022,196352108
Volkswagen,Passat,2012,196358866
Citroen,DS7,2021,196348270
Toyota,Fortuner,2023,196334182
Toyota,Corolla,2019,196359026
Mazda,6,2015,196243006
BMW,316,2015,196309438
Toyota,Auris,2014,196346710
Nissan,Sunny,2007,196343051
Fiat,Tipo,2020,196345308
BYD,F3,2021,196346938
Fiat,Palio,2008,196344189
Hyundai,Elantra,2008,196347680
Opel,Astra,2021,196141540
Suzuki,Van,2016,196347547
Opel,Astra,2021,196294480
Haval,H6,2022,196347743
Ford,Focus,2012,196346991
Chevrolet,Optra,2018,196347806
Hyundai,Coupe,2005,196344995
Changan,Benni mini,2016,196348603
Opel,Astra,2014,196347585
BMW,316,2006,196347677
Kia,Xceed,2017,196348669
BMW,Z4,2022,196348638
Jeep,Renegade,2016,196348500
BMW,318,2016,196349061
Seat,Arona,2021,196197308
Ford,Fiesta,2014,196335242
Hyundai,IX35,2016,196307899
MG,HS,2021,196349599
Chrysler,Sebring,2004,196344356
Land Rover,Range Rover Sport,2007,196349574
Audi,A3,2022,196349799
Chery,Arrizo 5,2022,196350371
Mercedes-Benz,S450,2022,194426965
Peugeot,2008,2022,195392634
Hyundai,Verna,2014,196339291
Mitsubishi,Lancer,2015,196339263
Daewoo,Juliet,2005,196339133
BMW,X3,2019,196339105
Hyundai,Verna,2013,196339266
Hyundai,Elantra,2021,196335443
Changhe,Super Panda,2013,195980639
Mercedes-Benz,A180,2021,196339647
Peugeot,5008,2011,196339930
Lada,Granta,2022,196338123
Peugeot,3008,2021,196340720
Mercedes-Benz,E180,2019,196340142
Opel,Crossland,2021,196339999
Daewoo,Lanos,2007,196339438
Nissan,Sunny,2022,196319718
Chery,Tiggo,2022,196341636
Opel,Mokka,2023,196341229
Volkswagen,Jetta,2007,196236772
Mitsubishi,Lancer,2016,196341391
Jaguar,F-type,2020,196342357
Land Rover,Velar,2023,196341174
Mazda,3,2017,196342109
MG,ZS,2021,196228945
Jeep,Wrangler,2011,196327675
Hyundai,Matrix,2007,196328865
BMW,X1,2017,196341325
Speranza,A516,2007,196327990
Mitsubishi,Lancer,2016,196325997
BMW,X1,2013,196335104
Hyundai,Matrix,2002,196328151
Geely,Pandido,2014,196329995
Nissan,Qashqai,2019,196278672
Nissan,Sunny,2022,196330690
Skoda,Octavia,2014,196322198
BMW,523,2011,196330065
Geely,Emgrand 7,2018,196327764
Volkswagen,Jetta,2008,196225890
Hyundai,Tucson,2021,195792163
Nissan,Juke,2013,196331238
BMW,850,2020,196106490
Ford,Expedition,2001,196331443
Mercedes-Benz,C300,2020,196330685
GMC,Sierra,2021,196331576
Audi,A5,2022,196330892
Kia,Carens,2011,196332184
Nissan,Sunny,2022,196332961
Mercedes-Benz,GLA 200,2019,196320931
Subaru,Impreza,2016,196229620
Mercedes-Benz,C180,2020,196334156
Volvo,XC60,2022,196332847
BMW,316,2015,196334197
Suzuki,Jimny,2000,196335447
Subaru,Impreza,2013,196335779
Kia,Rio,2001,196334847
Hyundai,Tucson,2022,196320473
Mitsubishi,Lancer,2015,196328238
BMW,X3,2008,196326717
Seat,Ateca,2022,196327920
Suzuki,Van,2012,196323226
Kia,Sportage,2020,196323787
Speranza,Tiggo,2010,196323836
Kia,Cerato,2014,196316379
Opel,Insignia,2016,196324360
Mercedes-Benz,E240,2004,196323782
Toyota,Corolla,2016,196245085
Daihatsu,Charade,2005,195801141
Chevrolet,Optra,2008,196323423
Porsche,Macan,2022,196325176
Mercedes-Benz,C180,2022,196332239
Hyundai,Tucson,2019,196324995
Changan,V7,2017,196313320
Volkswagen,Tiguan,2020,196325640
BMW,218,2016,196325977
Land Rover,Range Rover Sport,2021,196325527
BMW,X6,2021,196326009
Kia,Cerato,2009,196326029
BMW,Z4,2020,196326110
Kia,Pegas,2020,195878135
Suzuki,Pick up,2015,193484389
BMW,330,2022,196326335
BMW,316,2010,196325029
Skoda,Kodiaq,2021,196326439
Audi,Q2,2020,196326511
Jeep,Grand Cherokee,2022,196326648
Hyundai,Accent,2015,196326634
Mercedes-Benz,E250,2012,196327277
Peugeot,207,2011,196326899
BMW,118,2020,196327416
Chevrolet,Pickup/Dababa,2006,196327105
Volkswagen,Golf,2012,196327137
Mercedes-Benz,E180,2019,196327645
Isuzu,Other,2003,196313665
Lada,Granta,2015,196327847
Peugeot,508,2018,196315150
Volkswagen,Passat,2017,196317906
Kia,Cerato,2017,196313563
Mitsubishi,Lancer,2014,196313826
MG,6,2022,196313745
Volkswagen,Passat,2010,196314596
Renault,Duster,2017,196313984
Opel,Astra,2016,196315356
Audi,A6,2020,196317739
Mercedes-Benz,C180,2010,196316364
Toyota,Corolla,2020,196300352
Honda,Civic,2008,196315872
Brilliance,X30,2016,196317054
MG,6,2020,196318761
Ford,Kuga,2018,196319098
Peugeot,508,2014,195867404
Seat,Ibiza,2020,196317294
Kia,Cerato,2015,196235510
Chevrolet,Optra,2020,194114969
Porsche,Other,2022,196319829
Opel,Astra,2015,196311813
Kia,Rio,2015,196251838
Mitsubishi,Lancer,2014,196320132
Audi,A5,2022,196217322
Kia,Cerato,2010,196320171
Ford,Kuga,2018,196320861
Renault,Duster,2015,196312164
Volkswagen,Tiguan,2009,196320346
Kia,Sportage,2015,196309314
Nissan,Juke,2017,196321118
Peugeot,3008,2015,196320021
Skoda,Octavia,2015,196307573
Seat,Toledo,2016,196307354
Mercedes-Benz,E200,2021,196204501
Opel,Insignia,2018,196307696
Toyota,Yaris,2013,196299647
Opel,Insignia,2019,196204619
Citroen,DS7,2019,196204951
Hyundai,Veloster,2012,196307918
Peugeot,2008,2022,196308347
Skoda,Rapid,2015,196303905
Kia,Cerato,2013,196307389
Fiat,Tipo,2019,196308606
BYD,F3,2019,196308668
Citroen,C-Elysée,2021,195949384
Chevrolet,Spark,2008,196306417
Citroen,C4 Grand Picasso,2019,196296856
Hyundai,I10,2008,196309274
Skoda,Octavia,2016,196309670
Mercedes-Benz,GLA 200,2018,196309557
Chevrolet,Aveo,2007,196309123
Porsche,Macan,2015,196207250
MINI,Cooper,2018,196308758
Renault,Logan,2013,196310204
Mercedes-Benz,S500,2021,196308978
MG,6,2022,196311070
Peugeot,508,2020,196310772
Chevrolet,Pickup/Dababa,2011,196311656
Peugeot,3008,2020,196311750
BMW,X4,2016,196050344
Nissan,Sunny,2008,196311206
Opel,Astra,2013,196281098
Land Rover,Range Rover Sport SVR,2017,196297270
Nissan,Sunny,2016,196306093
Hyundai,Accent,2010,196297657
Kia,Shuma,2000,196306272
Kia,Cerato,2015,196296908
Daewoo,Lanos,2007,196298107
Mitsubishi,Lancer,2018,196298806
Hyundai,Elantra,2015,196295525
Hyundai,Verna,2013,196298891
Jac,S7,2019,196299162
MG,ZS,2022,196298961
BMW,318,2016,195477073
Toyota,Corolla,2022,196299625
MG,MG 5,2022,196077910
Mercedes-Benz,C180,2019,195713649
Mercedes-Benz,A200,2022,196152351
Kia,Cerato Coupe,2011,196300339
Jeep,Renegade,2016,196299904
Fiat,Tipo,2020,196299158
Jeep,Cherokee,2014,196299771
Renault,Logan,2016,196303900
BMW,X6,2019,196304177
BMW,X1,2021,196306113
Nissan,Sunny,2016,196306124
BMW,X3,2013,196305164
Toyota,Corolla,2016,196306011
Hyundai,Verna,2019,196293058
Jeep,Grand Cherokee,2017,196304972
Toyota,Corolla,2010,192984439
Renault,Logan,2019,196286439
BMW,X7,2021,196291739
Mercedes-Benz,S500,2002,196289444
Nissan,Sunny,2019,196290645
Nissan,Sunny,2020,196289633
Fiat,Bravo,2011,196289442
Seat,Arona,2022,196289771
Chery,Tiggo,2022,196288694
Skoda,Octavia,2019,196159028
Fiat,Tipo,2019,196291168
Peugeot,406,2003,196290679
Daihatsu,Grand Terios,2016,196291236
Chevrolet,Optra,2022,196292469
BMW,218,2017,196147021
BYD,F3,2018,196291847
Mitsubishi,Lancer,2016,196292839
BYD,F3,2014,196292832
Jeep,Wrangler,2015,196293151
Suzuki,Ciaz,2015,196293238
Hyundai,Accent,2015,196293148
Volkswagen,Caddy,2008,196191051
Faw,Pickup,2016,196293385
MG,MG 5,2021,196261882
Fiat,Tipo,2021,196191230
BYD,F3,2017,196165385
Ford,Focus,2016,196284957
Renault,Megane,2005,196293571
Kia,Ceed,2016,196185462
Chery,Tiggo,2022,196185064
Opel,Corsa,2003,196281682
Fiat,Tipo,2020,196278046
Opel,Crossland,2022,196185800
Nissan,Sunny,2017,196278170
Kia,Cerato,2017,196173736
Jac,J7,2022,194719715
Renault,Sandero,2016,196278637
BMW,316,2011,196278678
DFSK,Other,2010,196271138
Suzuki,Swift,2022,196275954
BMW,320,2021,196278655
Peugeot,508,2016,196281469
MG,MG 5,2021,196279479
Chery,Arrizo 5,2020,196279527
Kia,Sportage,2017,196279287
Hyundai,Elantra,2021,196280322
Suzuki,Maruti,2008,196267552
Hyundai,IX35,2014,196279056
Kia,Cerato,2022,196283462
Volvo,XC90,2020,196182130
Renault,Megane,2000,195626238
Daihatsu,Terios,2009,195949250
Opel,Meriva,2016,196287155
Ford,Focus,2018,196286308
Nissan,Bluebird,2009,196286642
Nissan,Other,2014,196286208
Volkswagen,Jetta,2012,196277870
Kia,Cerato,2020,196269438
Volkswagen,Polo,2010,196192599
Mercedes-Benz,E200,2020,196269894
Ford,Focus,2011,196270367
Nissan,Tiida,2007,196269135
Jaguar,XF,2016,196167744
BMW,Z4,2020,196168034
Chery,Other,2022,196271561
MG,MG 5,2021,196272070
Mercedes-Benz,C230,2008,196271181
Kia,Carens,2011,196218592
BYD,F3,2018,196268648
Seat,Ibiza,2020,196272206
Peugeot,508,2021,196272688
Mercedes-Benz,C180,2018,196269926
Citroen,C5,2020,196272372
Opel,Astra,2021,196109704
Toyota,Land Cruiser,2007,196224775
BMW,340,2019,196273033
Peugeot,2008,2022,196263649
Brilliance,V5,2013,196262093
Hyundai,Elantra,2021,196274470
Mercedes-Benz,C200,2022,195458098
Kia,Rio,2014,196271892
Land Rover,Range Rover Sport,2022,195366374
Mitsubishi,Lancer,2017,196243733
Jeep,Liberty,2004,196275900
Kia,Soul,2015,196275348
Seat,Leon,2014,196281659
Hyundai,Getz,2009,196275513
BMW,X2,2020,196171663
Nissan,Sunny,2022,196271423
Mitsubishi,Lancer,2016,196276823
Geely,Emgrand 7,2014,196276812
Audi,A4,2018,196171963
Nissan,Sunny,2023,196172695
Peugeot,508,2018,196251118
Mercedes-Benz,E200,2019,196277820
Fiat,Siena,2003,196287317
Peugeot,3008,2015,196277835
Kia,Sportage,2019,196287389
Jaguar,Other,2022,193127431
MG,ZS,2021,196122117
Speranza,A113,2012,196287516
Fiat,Punto,2003,196291519
Mitsubishi,Lancer,2015,196287947
Nissan,Qashqai,2019,196288896
Fiat,Tipo,2021,196260793
Mitsubishi,Lancer,2014,196288356
Mercedes-Benz,E180,2019,196288878
Renault,Fluence,2015,196285380
Maserati,Ghibli,2015,196289071
Nissan,Sunny,2014,196294289
BMW,316,2014,196294778
Brilliance,V5,2015,196290411
Chevrolet,N300,2021,196294449
Nissan,Sunny,2018,196294846
Mitsubishi,Lancer,2016,196294954
Volkswagen,Passat,2010,196286452
Hyundai,Tucson,2021,196217693
Mercedes-Benz,S400,2014,196170185
Lifan,Other,2013,196295649
Suzuki,Alto,2013,196295254
Chery,Tiggo,2021,196295444
Mercedes-Benz,C180,2019,196242546
Mitsubishi,Lancer,2016,196259044
Hyundai,Elantra,2021,196258943
Hyundai,Elantra,2022,195897755
BMW,X4,2017,196259469
MINI,Cooper s,2005,196259507
Seat,Ibiza,2022,196259474
Ford,Focus,2015,196259381
Chevrolet,Optra,2014,196287554
Chevrolet,Captiva,2012,196259594
Chery,Envy,2017,196155126
Mitsubishi,Lancer,2015,196260064
Nissan,Sunny,2019,196260436
BMW,520,2019,196294637
Nissan,Sunny,2020,196259840
MINI,Cooper,2019,196261453
Mercedes-Benz,C180,2022,196259415
Suzuki,Van,2015,196243442
Porsche,Cayenne,2022,196259875
Nissan,Sunny,2018,196159050
Mitsubishi,Pajero,2003,196262443
Land Rover,Velar,2020,196033956
Hyundai,IX35,2015,195979017
BYD,F3,2019,196262545
MG,6,2020,196243963
Hyundai,Elantra,2012,196262307
Suzuki,Dzire,2022,196258085
Hyundai,Elantra,2020,196258871
MG,6,2022,196254414
Opel,Insignia,2017,196263330
Chevrolet,Optra,2023,196248675
Mercedes-Benz,C180,2019,195741135
Mazda,3,2009,196254718
Peugeot,508,2021,196254799
Volkswagen,Passat,2012,196252974
Land Rover,Range Rover Sport,2021,196254589
Mercedes-Benz,C180,2020,196255152
Mitsubishi,Pajero,2015,196254803
Renault,Sandero Stepway,2015,196255172
BMW,X5,2018,196254995
Nissan,Sunny,2021,196254659
Kia,Rio,2014,196255192
BMW,523,2000,196255257
Chevrolet,Pickup/Dababa,2022,196254634
Mercedes-Benz,CLA 200,2021,196255847
Honda,Civic,2008,196150748
Mercedes-Benz,E250,2010,196254767
Suzuki,Swift,2022,196255175
Volkswagen,Passat,2011,196274326
Citroen,C4,2015,196255929
Peugeot,2008,2015,196256295
Peugeot,301,2022,194977401
Mercedes-Benz,C200,2022,196256112
Honda,City,2010,196252333
Mercedes-Benz,C180,2010,196244140
Mercedes-Benz,C180,2022,195223367
Peugeot,508,2022,195746037
Opel,Astra,2005,196244360
Chevrolet,Optra,2021,196236272
Kia,Rio,2013,196244538
MG,ZS,2019,196245826
Skoda,Octavia,2010,196246362
MG,RX5,2019,196245752
Mercedes-Benz,E300,2021,196203146
Renault,Logan,2010,196245911
Nissan,Sunny,2021,196246430
Chery,Arrizo 5,2022,196244310
Jeep,Renegade,2020,196246606
Suzuki,Van,2015,196104493
BMW,750,2011,196247128
Chevrolet,Pickup/Dababa,2015,196146595
Volvo,s60,2015,196247798
Nissan,Sunny,2019,196247698
Chery,Tiggo,2021,196240705
Volkswagen,Golf,2005,196247640
BMW,318,2018,196248128
Mercedes-Benz,B200,2015,196248851
Skoda,Octavia,2016,196242030
Renault,Fluence,2010,196248929
Hyundai,Creta,2017,196248457
Kia,Cerato,2010,196243207
Nissan,Sunny,2020,196249627
Chevrolet,Lanos,2011,196249538
Toyota,Corolla,2008,196235247
Jeep,Cherokee,2013,196235354
Toyota,Fortuner,2017,195536359
Toyota,Corolla,2020,196084719
Hyundai,Getz,2011,195794553
Opel,Astra,2008,196235729
Mitsubishi,Other,2016,196236627
Opel,Astra,2018,196236130
BMW,320,2018,196230228
Speranza,Tiggo,2017,196236446
Nissan,Sunny,2018,191547397
Chevrolet,N300,2019,196236740
Mercedes-Benz,C200,2019,196237518
Hyundai,Accent,2015,196237194
Ford,Fusion,2018,196237726
Nissan,Sentra,2017,196237405
Nissan,Qashqai,2013,196238503
MG,6,2022,196238261
Hyundai,Tucson,2019,196239286
Geely,Emgrand 7,2015,196240505
Peugeot,5008,2019,196240395
MG,MG 750,2017,196239860
MINI,Cooper Paceman,2013,196240471
Mercedes-Benz,CL-Class,2007,196242568
Mercedes-Benz,S500,2007,196242362
Mercedes-Benz,S350,2006,196242464
Jeep,Renegade,2021,196209437
Jeep,Wrangler,2016,196225248
Skoda,Octavia,2019,195880043
Citroen,Jumpy,2008,196225924
Toyota,Fortuner,2022,196218313
Nissan,Sunny,2015,196241522
BMW,525,2019,195025589
Nissan,Sunny,2004,196222927
Opel,Meriva,2016,196212188
Porsche,Macan,2022,195668232
Renault,Duster,2022,196224601
Brilliance,V5,2013,196224866
Kia,Sportage,2018,196201228
Mercedes-Benz,C180,2022,196225172
Jeep,Grand Cherokee,2005,196225294
Volkswagen,Jetta,2012,196225679
Mitsubishi,Lancer,2015,196225123
Mercedes-Benz,C300,2020,196225617
Skoda,Kodiaq,2018,196227042
Honda,City,2011,196226897
Peugeot,508,2022,196226624
BYD,F3,2019,196213392
Opel,Astra,2015,196227378
BYD,F0,2013,196221719
Ford,Focus,2017,196177799
Kia,Cerato,2017,196228644
Peugeot,3008,2021,196228596
Mercedes-Benz,C180,2022,196229744
Toyota,Corolla,2010,196193564
Nissan,Sentra,2017,196222474
Speranza,Tiggo,2011,194375744
Mitsubishi,Pajero,2021,196229853
Nissan,Sunny,2007,196191252
Volkswagen,Passat,2007,196196604
Mercedes-Benz,CLA 200,2022,196209587
Land Rover,Velar,2020,196107984
MG,MG 5,2022,196129141
Mercedes-Benz,E180,2021,196209855
MINI,Countryman S,2019,196209714
Volkswagen,Passat,2016,196227756
Hyundai,Tucson,2021,196210398
Mercedes-Benz,CLS,2017,196214366
Hyundai,Elantra,2020,196194031
Toyota,Auris,2013,196205440
Nissan,Sunny,2017,196206123
Infiniti,QX,2014,196212727
Other make,Other,2017,196212992
Renault,Megane,2006,196211782
Mazda,3,2019,195324610
Geely,Pandido,2010,196214486
Peugeot,301,2014,196215204
Renault,Megane,2020,196216443
BMW,318,2011,196210804
Nissan,Qashqai,2020,196212422
Mitsubishi,Pajero,2016,196217045
Chevrolet,Aveo,2020,196217314
Ford,Fusion,2018,179829042
BMW,535,2015,196201111
BYD,F3,2019,196198640
Ssang Yong,Tivoli,2019,196096020
Zotye,T600,2019,196199252
Kia,Rio,2013,196202220
Ford,Kuga,2019,196202564
Mazda,3,2014,196195784
Chery,Arrizo 5,2021,195767505
Chevrolet,Optra,2021,195767671
Fiat,Tipo,2020,196200714
Suzuki,Van,2013,196203983
Hyundai,Elantra,2022,195842733
Peugeot,5008,2020,195896012
BYD,F3,2018,196203595
Renault,Duster,2019,196203701
Hyundai,Elantra,2021,195978189
Ford,Focus,2007,196194482
Chevrolet,Pickup/Dababa,2015,196162177
Toyota,Camry,2008,196101298
Kia,Cerato,2017,196204876
Nissan,Sunny,2016,196204960
Nissan,Qashqai,2017,196204357
Porsche,Cayenne,2011,196206484
Peugeot,2008,2021,196104051
BMW,320,2018,196104186
BMW,320,2013,196093842
Opel,Mokka,2023,196182014
Fiat,Siena,2001,196204484
Nissan,Tiida,2014,196202900
Renault,Logan,2016,196182823
Peugeot,406,2003,196025907
Jeep,Liberty,2003,196182940
Bentley,Flying Spur,2015,196158514
BMW,318,2016,196184410
Mercedes-Benz,B200,2014,196184053
Kia,Cerato,2021,196184777
Volvo,XC90,2021,196205186
Isuzu,D-Max,2018,196081412
Opel,Insignia,2018,196185150
Skoda,Kodiaq,2020,196082090
Toyota,Corolla,2021,196185842
Mitsubishi,Lancer,2007,196182896
Skoda,Octavia,2022,196082521
Opel,Grandland,2022,196158435
Chevrolet,Optra,2019,196187143
Audi,A3,2019,196083278
Hyundai,Verna,2005,196179391
Speranza,Envy,2017,196179811
Volkswagen,Golf,2017,196080048
Hyundai,Elantra,2020,195767963
Land Rover,Evoque,2023,195479675
Fiat,Grand Punto,2019,196188599
Volkswagen,Tiguan,2016,196190321
Hyundai,Accent,2021,196181944
Kia,Sportage,2023,196188897
Kia,Cerato,2010,196189358
Peugeot,308 SW,2010,195219934
Opel,Insignia,2018,195789733
Mercedes-Benz,CLS,2020,196165104
Volkswagen,Passat,2013,196087581
Hyundai,Elantra,2021,196088606
BMW,318,2016,196167884
Volkswagen,Passat,2012,196146546
Jetour,X70,2021,196168930
Mercedes-Benz,C180,2017,196086028
Peugeot,3008,2020,196188069
Hyundai,Elantra,2019,196064781
Nissan,Sentra,2017,196169096
Jeep,Renegade,2016,196170891
Chevrolet,Captiva,2021,196169796
Volkswagen,Passat,2006,195250134
Hyundai,Verna,2013,196167848
Suzuki,Maruti,2013,196171541
Opel,Astra,2013,196164931
Chery,Arrizo 5,2022,196171278
Jeep,Grand Cherokee,2015,196067681
BMW,330,2017,196067897
Jeep,Grand Cherokee,2018,196172469
Hyundai,Tucson,2020,196172335
Mitsubishi,Lancer,2003,196069096
Nissan,Juke,2012,196168158
Mitsubishi,Pajero,2015,196174183
Fiat,Shahin,2004,196173553
Geely,Emgrand 7,2018,196062010
MG,6,2021,196170290
Ford,Kuga,2018,196061837
Kia,Carens,2016,196166236
Hyundai,Accent,2021,196099813
Volkswagen,Passat,2007,196166866
BMW,X1,2018,196165595
Citroen,C5,2022,196160129
Skoda,Superb,2019,194665395
Changan,EADO,2022,196154334
Renault,Logan,2018,196048546
Renault,Megane,2020,196147305
Volkswagen,Tiguan,2020,196147877
Opel,Astra,2013,196155650
Chery,Tiggo,2017,196155702
Fiat,Doblo,2021,196155479
Mercedes-Benz,E250,2017,196144118
Jeep,Wrangler,2012,196049069
Nissan,Qashqai,2022,196156089
Land Rover,Evoque,2020,196156209
Mercedes-Benz,C200,2009,196050270
Nissan,Sunny,2021,196050202
Jaguar,F-Pace,2019,195879973
Mercedes-Benz,E200,2020,196051313
Opel,Astra,2012,196158501
MG,RX5,2019,196159833
Changan,Alsvin,2022,196159847
Hyundai,Verna,2013,196159832
BMW,318,2019,196055492
Dodge,Charger,2010,196157519
Lada,2107,2009,196149748
Jeep,Grand Cherokee,2018,196160250
BMW,418,2016,196159913
Hyundai,Elantra,2015,196136794
Chevrolet,Aveo,2008,196145075
MG,RX5,2021,196137137
Hyundai,Accent,2011,196138090
Chevrolet,Optra,2019,196127625
Nissan,Qashqai,2013,196138844
BMW,320,2015,196138664
Audi,Q5,2015,196139919
Jeep,Renegade,2017,196140402
BMW,X1,2019,196141291
Toyota,Yaris,2015,196140780
Mercedes-Benz,E200,2015,196141491
Chery,Arrizo 5,2020,196130837
BMW,X3,2008,196053039
Toyota,Corolla,2014,196036943
Nissan,Sunny,2022,195482481
Opel,Astra,2019,196143462
Mercedes-Benz,GLK 250,2014,195486884
Nissan,Qashqai,2017,196143612
BMW,X1,2023,196142967
Chevrolet,Captiva,2020,196144086
Honda,Civic,2008,180078169
BMW,318,2018,195962572
Mitsubishi,Outlander,2000,196145095
Lada,Granta,2016,196145190
Chrysler,Pacifica,2005,196113107
Opel,Meriva,2016,195896258
Jeep,Wrangler,2011,196133722
Nissan,Sunny,2017,196115457
BMW,750,2011,196115263
Toyota,Land Cruiser,2000,196115933
Opel,Insignia,2019,196145715
Opel,Insignia,2018,196117049
BMW,X3,2012,196115685
Peugeot,3008,2022,196117534
Hyundai,Sonata,2011,196118431
Volkswagen,Passat,2021,196118266
Renault,Logan,2016,195975006
BMW,750,2011,196118592
Porsche,Boxster,2006,196119477
Hyundai,Tucson,2021,194857416
Subaru,Impreza,2010,196120976
Toyota,Corolla,2019,196121689
Chevrolet,N300,2016,196121371
Mercedes-Benz,E350,2018,196117405
Renault,Megane,2021,196015302
Kia,Cerato,2017,196101580
Land Rover,Defender,2021,196016350
Skoda,Rapid,2015,196114922
BMW,320,2020,196017572
Opel,Astra,2020,196125446
Mercedes-Benz,C180,2019,196123834
Peugeot,5008,2022,196105500
BYD,F3,2011,196114058
Hyundai,H1,2001,196128969
Nissan,Qashqai,2019,196129168
Skoda,Octavia,2007,196114366
Skoda,Superb,2021,196104061
Nissan,Sunny,2016,196004186
Renault,Logan,2018,196104114
Honda,Civic,2016,196104440
Seat,Ibiza,2019,196104608
BMW,X1,2017,196122071
MG,6,2020,196104891
Volkswagen,Passat,2014,196105793
Mercedes-Benz,C180,2019,195999123
Kia,Cerato Coupe,2011,196106251
Jeep,Wrangler,2013,196085196
Seat,Ateca,2021,196122138
Chevrolet,Camaro,2016,196106723
Mercedes-Benz,G-Class,2023,196035875
Jeep,Wrangler,2011,196106858
Bentley,Continental,2015,196106576
Porsche,Cayenne,2012,196107180
Cadillac,Escalade,2018,196107457
Seat,Cordoba,2001,196077171
Renault,Logan,2020,196104994
MG,RX5,2019,196107547
BMW,X4,2017,195810763
Jeep,Grand Cherokee,2017,195633817
Citroen,C5,2015,196103421
Nissan,Sentra,2022,196102332
Mercedes-Benz,E200,2020,195947478
Rolls Royce,Ghost,2013,196107380
Land Rover,Range Rover Sport,2020,195467067
Kia,Sportage,2020,195795657
BMW,Other,2013,196107239
Chevrolet,Captiva,2020,196088166
Seat,Ibiza,2021,196086578
BMW,X5,2020,196086954
Dodge,Dart,2013,196087368
Mercedes-Benz,E250,2010,195859592
Volkswagen,Passat,2018,195981750
Kia,Cerato,2021,196087445
Mercedes-Benz,C180,2018,196087476
Mercedes-Benz,CLA 200,2022,196083400
Hyundai,IX35,2015,196089621
Mercedes-Benz,C240,2003,195983881
Jeep,Grand Cherokee,2015,196090947
Chevrolet,N300,2022,195985462
Toyota,Yaris,2015,196092161
Seat,Ateca,2020,196091782
Geely,Emgrand X7,2020,196092370
Mercedes-Benz,C180,2016,196067316
Renault,Duster,2019,196093490
Nissan,Sunny,2020,196093563
Toyota,Corolla,2020,196094316
Nissan,Sunny,2019,196091972
Porsche,Panamera,2013,195960387
Mercedes-Benz,S500,2014,195857747
Nissan,Sunny,2017,196084964
Hyundai,Tucson,2020,196084054
Fiat,500X,2020,196100055
Mercedes-Benz,B200,2014,196008941
Toyota,Belta,2022,195766279
Peugeot,2008,2022,196086377
Mercedes-Benz,C180,2020,196080988
Mercedes-Benz,C180,2018,196070686
Toyota,Corolla,2021,195994212
Fiat,Tipo,2020,195965082
BMW,320,2017,195964398
Opel,Insignia,2016,196072398
Mitsubishi,Lancer,2005,196074777
Mitsubishi,Eclipse,2018,196071210
Hyundai,Elantra,2017,195770906
Mercedes-Benz,C180,2016,196072795
Renault,Logan,2018,196072722
Nissan,Sunny,2011,196073763
Toyota,Corolla,2008,196094541
Mitsubishi,Lancer,2007,196074194
Toyota,Corolla,2019,196074386
Chevrolet,Sonic,2012,196075346
Fiat,Tipo,2021,196075213
Mazda,Other,2000,196064771
Kia,Cerato,2021,196074314
Mercedes-Benz,A180,2021,196078712
Citroen,C5,2021,195759290
Daewoo,Lanos,2003,196070629
BMW,520,2019,195974481
Mercedes-Benz,CLA 200,2020,196080152
Hyundai,Bayon,2022,196070129
Toyota,Fortuner,2019,196058233
Renault,Kadjar,2021,196070200
BMW,525,2007,195971814
Land Rover,Range Rover Sport,2018,188295145
BMW,X6,2016,162763454
Suzuki,Van,2014,196059355
BMW,520,2019,188282583
Renault,Duster,2016,196061086
BMW,320,2018,196055346
Daihatsu,Gran Max,2014,196061101
BMW,328,2013,196054870
Opel,Insignia,2015,196079733
Skoda,Octavia,2007,196048295
Audi,A5,2018,195942886
Citroen,C5,2021,195943936
Nissan,X-Trail,2009,196051314
BYD,F3,2018,196050639
Chery,Tiggo,2021,196042452
Mercedes-Benz,C200,2019,196052900
Mercedes-Benz,C200,2008,196079687
Porsche,Cayenne,2019,196042720
Fiat,Tipo,2021,196076352
Suzuki,Van,2009,196051417
Mazda,3,2008,196052868
Honda,Jazz,2005,196052929
Seat,Arona,2019,196052391
Fiat,Bravo,2013,196052430
Mercedes-Benz,GLC 300,2019,196053001
Ford,Kuga,2018,196076453
Land Rover,Range Rover,2015,195970607
Chevrolet,Optra,2022,196052996
Porsche,Cayenne,2003,196051149
BMW,X5,2007,196048110
BMW,520,2019,196056385
BMW,X5,2020,196063129
Dodge,Ram,2011,196063914
Peugeot,508,2022,196049559
Seat,Ateca,2018,196057003
Toyota,Corolla,2012,196063623
Nissan,Sunny,2015,195951468
Skoda,Octavia,2018,196033255
Nissan,Qashqai,2019,196033834
MINI,Cooper,2019,194671825
BMW,X3,2016,196045597
Tesla,Model 3,2021,196032029
Opel,Insignia,2018,196034534
Hyundai,Santamo,2001,196033297
Chevrolet,Captiva,2021,196034778
Jac,S3,2019,195964926
Toyota,Corolla,2015,196032730
Mercedes-Benz,E200,2021,196035208
Hyundai,Accent,2015,196035410
Opel,Astra,2007,196035688
Nissan,Other,2014,196036079
MG,6,2022,196036538
Peugeot,3008,2019,195928357
Audi,A3,2023,195915342
Mercedes-Benz,E300,2021,195911801
Hyundai,Accent,2015,196043313
Lada,2110,2006,196028716
Mercedes-Benz,E200,2021,196044268
Mercedes-Benz,E200,2022,196039959
Fiat,Punto,2011,196018442
Peugeot,301,2015,196025838
Audi,Q8,2022,196044300
King Long,Van,2016,195961890
Kia,Sportage,2017,196035340
Nissan,Sunny,2018,195823262
Renault,Logan,2010,196005897
Fiat,Tipo,2021,196007770
Mercedes-Benz,C180,2008,195766415
Hyundai,Elantra,2021,195625252
Peugeot,301,2015,196010848
Hyundai,Verna,2015,196037734
Jaguar,F-type,2020,195900896
Chevrolet,Pickup/Dababa,2015,196011232
Peugeot,208,2023,195942446
Jeep,Grand Cherokee,2019,195502346
BMW,530,2019,196013012
Skoda,Octavia,2016,194488567
Fiat,Tipo,2021,196014359
BMW,525,2006,194325915
Nissan,Qashqai,2020,195984764
Renault,Kadjar,2018,196014589
BMW,316,2014,196017149
Skoda,Octavia,2010,196015461
Kia,Cerato,2010,196019161
Kia,Sportage,2018,192499135
Nissan,Sunny,2016,195919207
BMW,520,2019,196020082
Nissan,Tiida,2011,196000618
Fiat,Linea,2009,195990284
Audi,A3,2020,195986227
Other make,Other,2007,196009667
Nissan,Sunny,2019,195987041
Daewoo,Nubira,2005,195990358
Volkswagen,Golf,2017,195991081
Toyota,Avanza,2008,195990343
Renault,Megane,2021,195989097
Jeep,Grand Cherokee,2015,195990892
Seat,Ibiza,2022,195647460
Fiat,Tipo,2022,195994238
Kia,Cerato Coupe,2013,194349180
Jeep,Wrangler,2015,195994837
MG,6,2021,195995293
Mercedes-Benz,S450,2019,195995889
Hyundai,Tucson,2021,195996078
Volkswagen,Passat,2014,195997290
Chevrolet,Optra,2023,195997226
MG,MG 5,2022,195997627
Mercedes-Benz,GLC 300,2019,195993975
Hyundai,Verna,2015,195987677
Hyundai,Verna,2015,195999263
Nissan,Sunny,2019,195897675
Kia,Cerato,2017,196000757
Peugeot,508,2021,195898502
Suzuki,Pick up,2021,195996316
Mercedes-Benz,C180,2002,196001494
BMW,520,2001,195986330
Mitsubishi,Lancer,2016,196003874
BYD,F3,2021,195999813
Kia,Cerato,2017,196002156
Fiat,Tipo,2021,195741079
Nissan,Sentra,2018,195986209
Mercedes-Benz,C280,2009,195969037
Chery,Tiggo,2022,195969118
BMW,850,2020,195867811
Chevrolet,Camaro,2012,195970412
Chevrolet,Pickup/Dababa,2021,195971504
Fiat,Tipo,2021,195970929
Toyota,Corolla,2022,195972341
Audi,A3,2020,195975123
Chevrolet,Lanos,2010,195974431
Opel,Grandland,2018,195693055
Tesla,Model Y,2023,195977083
MG,MG 5,2021,195975101
Mercedes-Benz,C180,2009,195876673
Peugeot,2008,2020,195877662
Mitsubishi,Lancer,2016,195876115
Hyundai,Elantra,2010,195876331
Hyundai,Tucson,2019,195847363
Peugeot,508,2021,195948024
Ford,Edge,2011,195847284
Alfa Romeo,Giulietta,2020,195948958
Hyundai,Elantra,2015,195942403
Opel,Grandland,2021,195978586
Mercedes-Benz,C180,2009,195950864
Mercedes-Benz,C180,2015,195950208
MG,HS,2021,195977607
Chery,Tiggo,2021,195950915
Mercedes-Benz,CLA 180,2022,195953022
Mazda,3,2015,195956117
Skoda,Octavia,2015,195956543
Mercedes-Benz,E240,2002,195954503
Seat,Ateca,2018,194911230
Nissan,Sentra,2021,195957368
Renault,Megane,2021,195957100
Mercedes-Benz,Other,2010,195959182
Fiat,500,2018,195941379
Renault,Kadjar,2018,195941442
Tesla,Model 3,2023,195957539
Toyota,Rush,2020,195857862
Audi,A7,2016,195933484
Chevrolet,Optra,2021,195956087
Renault,Logan,2013,195919004
Volkswagen,Passat,2008,195923805
Fiat,500,2017,195927006
Mitsubishi,Lancer,2016,195710158
Proton,Preve,2019,195827486
Kia,Cerato,2015,195921176
Fiat,Tipo,2021,195950098
Hyundai,Matrix,2006,195928284
Subaru,XV,2021,195928454
Volkswagen,ID4,2008,195930163
Mercedes-Benz,E180,2019,195830585
BMW,520,2004,195941042
Toyota,Corolla,2018,195929459
Renault,Megane,2017,195831175
Speranza,A516,2008,195954351
MG,RX5,2019,195836392
Toyota,Corolla,2020,195899889
Skoda,Octavia,2006,195911964
Mitsubishi,Pajero,2014,195899977
Mercedes-Benz,E200,2022,195798040
BMW,X1,2020,195901358
Chrysler,Town and Country,2006,195900763
Mercedes-Benz,E180,2019,194234091
Jeep,Renegade,2014,195901929
Hyundai,Tucson,2021,195907310
Nissan,Qashqai,2020,195901538
Chevrolet,Aveo,2011,195900720
BMW,320,2011,195907635
Jaguar,F-Pace,2021,195907881
Seat,Ibiza,2019,193909145
Renault,Duster,2018,195909986
MG,RX5,2020,195909890
BMW,218,2021,195908898
Jeep,Liberty,2007,195901452
Nissan,Sunny,2019,195810461
Skoda,Kodiaq,2022,195808119
Mercedes-Benz,E200,2021,195910604
Skoda,Karoq,2022,195808721
Mercedes-Benz,E200,2022,195912300
GMC,Sierra,2016,195899011
Nissan,Sunny,2022,195913477
Kia,Cerato,2016,195897280
Mercedes-Benz,C180,2019,195913530
Chery,Tiggo,2019,195877283
Ford,Kuga,2018,195470474
Nissan,Juke,2014,194142575
Mercedes-Benz,GLC 250,2021,195878650
Fiat,Tipo,2021,195719484
Nissan,Sunny,2020,195878958
Dodge,Dart,2013,195845853
Changan,Alsvin,2021,195880158
Kia,Rio,2014,195880308
Nissan,Sunny,2019,195883830
Fiat,Tipo,2021,195783094
Volkswagen,Polo,2009,195810458
Kia,Carens,2015,195884225
Mercedes-Benz,E180,2016,195787807
Land Rover,LR3,2009,195889968
Toyota,Corolla,2020,195791985
Mercedes-Benz,S500,2015,195208199
Ford,Kuga,2017,188103962
Renault,Megane,2022,195890934
Volkswagen,Passat,2016,193486885
Opel,Astra,2015,195891904
Volkswagen,Passat,2014,195880694
Baic,X3,2022,195808705
MINI,Cooper,2019,195856888
Toyota,Corolla,2019,195857960
Mercedes-Benz,Other,2019,185657401
Jeep,Wrangler,2013,195856825
Opel,Crossland,2020,195856523
Toyota,Corolla,2007,192722794
Chevrolet,Cruze,2010,195858592
Skoda,Octavia,2008,195860880
Kia,Sportage,2016,195761711
Hyundai,Elantra,2020,195854384
Proton,Saga,2021,195861292
Mitsubishi,Lancer,2015,195862047
Kia,Ceed,2016,195763313
Hyundai,IX35,2011,195861504
Porsche,Cayenne,2009,195760518
Kia,Cerato,2015,195761272
Nissan,Sunny,2022,195862792
Daihatsu,Terios,2013,195844437
Skoda,Superb,2019,195862902
Audi,A4,2013,195843163
Fiat,500X,2016,195840665
Mercedes-Benz,E230,2008,195840744
Citroen,C-Elysée,2021,195699967
Kia,Cerato Coupe,2011,195830750
Jeep,Cherokee,2009,195649512
Chevrolet,Optra,2022,195733151
Kia,Picanto,2013,195832430
Nissan,Sunny,2021,195733230
Skoda,Octavia,2021,195832622
Volkswagen,Tiguan,2014,195837379
Subaru,Legacy,2004,195838564
Nissan,Sentra,2020,195802754
Renault,Fluence,2015,186226847
Citroen,DS3,2014,195839857
Alfa Romeo,Giulietta,2020,195842260
Audi,Q3,2022,195841536
Kia,Soul,2016,195840055
Citroen,C4,2020,195842715
Land Rover,Range Rover Sport,2019,195842620
Peugeot,508,2020,195842762
Brilliance,Galena,2007,195843539
Nissan,Qashqai,2017,195621529
MINI,Cooper,2015,195844856
Kia,Cerato Coupe,2013,195847489
Honda,Civic,2018,195847868
BMW,X5,2018,194386085
Kia,Cerato,2013,195848507
Mitsubishi,Lancer,2013,195830256
BMW,X6,2021,195848164
Mercedes-Benz,CLS,2020,195840194
Chevrolet,Optra,2017,195678345
Volkswagen,Passat,2008,195815439
Hyundai,Elantra,2019,195704217
BMW,316,2000,195849070
Nissan,Sunny,2015,195804099
Isuzu,D-Max,2016,195742392
BYD,F3,2019,195805425
Mitsubishi,Lancer,2016,195805043
Peugeot,508,2020,195804300
Kia,Cerato,2015,195705240
Skoda,Octavia,2014,195805664
Hyundai,Verna,2013,195805707
Suzuki,Alto,2019,195806061
Chevrolet,Optra,2021,195808616
Mitsubishi,Lancer,2013,195808562
Mercedes-Benz,C200,2022,195808395
Nissan,Sentra,2020,195810018
BMW,316,2014,195710922
Citroen,DS7,2021,195705823
Mercedes-Benz,C180,2022,195798259
BMW,X3,2016,195810899
MG,6,2020,195811167
BYD,F3,2021,195811320
Citroen,DS7,2022,195811175
MG,ZS,2020,195811115
Hyundai,Elantra,2012,195715392
Mercedes-Benz,E200,2013,191565886
GMC,Yukon,2003,195812905
Volkswagen,Jetta,2012,195814279
Lada,Granta,2016,195814276
Toyota,Corolla,2022,195680306
Mercedes-Benz,A200,2020,195707125
Mercedes-Benz,B180,2014,195765301
Dodge,Ram,2021,195701854
Mercedes-Benz,Other,2015,195434940
Mercedes-Benz,C200,2022,195630734
Land Rover,Range Rover Vogue,2014,195435184
Fiat,Tipo,2021,195767588
BMW,640,2014,195663734
Mercedes-Benz,A200,2020,195785590
Dodge,Ram,2021,195781534
Mercedes-Benz,GLS,2021,195130644
MG,MG 5,2022,195783860
Kia,Ceed,2016,195769614
Land Rover,Evoque,2017,195786457
BMW,523,2008,195787810
Nissan,Qashqai,2019,195786706
Nissan,Qashqai,2018,195572871
Ford,Focus,2022,195791454
Ford,Fusion,2017,195789515
Hyundai,Tucson,2021,195067224
Mercedes-Benz,A200,2022,195792213
Mercedes-Benz,C180,2018,195795136
Volkswagen,Passat,2021,195790479
Volkswagen,Jetta,2011,195763015
Toyota,Camry,2008,195695018
Mercedes-Benz,C200,2022,195796212
Mercedes-Benz,C200,2022,195535846
Hyundai,Santa Fe,2011,195796363
Toyota,Corolla,2017,195797488
MINI,Cooper,2017,195776128
Hyundai,Sonata,2012,195775763
Renault,Kadjar,2019,195676603
MG,ZS,2021,195776846
Kia,Cerato Coupe,2010,195762881
Chevrolet,Cruze,2014,195758937
Renault,Fluence,2015,195758521
Kia,Sportage,2018,195758971
Jeep,Grand Cherokee,2016,195759200
Nissan,Qashqai,2016,195759122
Dodge,Ram,2007,195754393
MG,ZS,2021,195617172
Hyundai,Accent,2015,195763565
Hyundai,Elantra,2021,195741813
Chevrolet,Pickup/Dababa,2006,195765244
BMW,X5,2018,195765555
Seat,Leon,2022,195651264
MINI,Cooper,2019,195766275
Opel,Astra,2015,195655843
Chevrolet,N300,2015,195758241
Chevrolet,Optra,2023,195767591
Hyundai,Tucson,2019,195766958
Toyota,Corolla,2020,195683148
Volkswagen,Passat,2013,195766818
Hyundai,Elantra,2016,195767834
Opel,Astra,2016,195668135
Opel,Astra,2020,195668321
Nissan,Sunny,2021,195772094
Toyota,Land Cruiser,2021,195770902
Fiat,Tipo,2022,195770042
Suzuki,S-Presso,2008,195762289
Jeep,Commander,2007,195769266
Chevrolet,Cruze,2013,195744376
Mercedes-Benz,C180,2010,195772781
Fiat,Shahin,2004,195712430
Mercedes-Benz,A200,2018,195733070
BMW,528,2000,195733047
Chevrolet,Sonic,2012,195624764
Jeep,Wrangler,2017,195734558
MG,6,2020,195734940
Daewoo,Nubira,2001,195635686
Opel,Grandland,2018,195610702
Land Rover,Range Rover Sport,2021,195635897
Opel,Astra,2021,195719276
Hyundai,Elantra,2009,195735948
Toyota,Fortuner,2017,195737566
Chevrolet,Optra,2020,195738744
Peugeot,508,2022,195639248
Toyota,Corolla,2019,195738585
Daewoo,Nubira,2000,195736729
Mercedes-Benz,C280,2009,195641204
Honda,Civic,2009,195739294
Suzuki,Pick up,2012,195737673
Mercedes-Benz,C180,2016,195743486
Peugeot,2008,2016,195744589
Toyota,Corolla,2020,195742113
Volkswagen,Passat,2009,195739101
Seat,Leon,2020,195743608
BMW,X3,2019,195646127
BMW,320,2010,195744667
Kia,Carens,2013,195742031
Peugeot,508,2022,195744879
Volkswagen,Passat,2022,195747410
Hyundai,Elantra,2020,195745655
BMW,320,2018,186036095
BYD,F3,2014,195729679
Mercedes-Benz,C200,2020,195730009
BMW,X7,2020,195730040
Hyundai,Verna,2017,195631202
Suzuki,Maruti,2001,195726480
Mitsubishi,Lancer,2017,195573150
Kia,Cerato,2022,195652517
Mercedes-Benz,E250,2012,195767023
Toyota,Belta,2022,195750718
Mercedes-Benz,E200,2019,195720698
Nissan,Sunny,2020,195749480
Nissan,Sunny,2020,195749011
Nissan,Sunny,2017,195732125
Kia,Cerato,2012,195766156
Citroen,C5,2020,195750479
Seat,Ibiza,2015,195751026
Land Rover,Range Rover Sport,2020,195753338
Kia,Rio,2013,195752695
Audi,A4,2007,195751663
BMW,418,2016,195755889
MINI,Countryman,2018,195772941
Toyota,Rush,2022,195775656
Jeep,Wrangler,2011,195775956
BMW,X3,2011,195778268
BMW,320,2020,195775879
Mitsubishi,Eclipse,2020,195778380
MG,HS,2021,195810640
Ford,Focus,2015,195798678
Jeep,Cherokee,2019,195797876
Mercedes-Benz,CLA 200,2022,195798205
Mercedes-Benz,C180,2018,195759257
Kia,Sportage,2017,195777957
BMW,X3,2012,195778459
Renault,Logan,2017,195668253
BMW,318,2018,195798812
BYD,F3,2020,195798230
Fiat,Tipo,2018,195798722
Chery,Tiggo,2021,195799395
Renault,Logan,2019,195799758
BYD,F3,2018,195816987
Skoda,Superb,2020,195822974
Mazda,3,2015,195816200
Geely,Other,2022,195818449
Toyota,Corolla,2022,194868180
Hyundai,Avante,2012,195810718
Mercedes-Benz,C180,2016,195712583
BMW,520,2019,195762795
Mercedes-Benz,G-Class,2019,195823159
Nissan,Sunny,2021,195822577
Toyota,Corolla,2020,195849893
Toyota,Corolla,2014,195821010
Chevrolet,Cruze,2009,195820334
BMW,318,2004,195851248
Peugeot,508,2013,195850639
Mitsubishi,Lancer,2015,195854413
Seat,Ibiza,2022,195755805
Chevrolet,Optra,2013,194869089
Fiat,Tipo,2021,195864187
Mercedes-Benz,E300,2018,195758193
Chery,Arrizo 5,2020,195765616
BMW,X1,2018,195863512
Suzuki,Pick up,2016,195864780
Nissan,Sunny,2013,195865319
Jetour,X95,2022,194043947
MINI,Clubman,2018,195852391
Suzuki,Van,2018,195864906
Hyundai,Elantra,2019,195768418
Hyundai,Elantra,2021,195870210
Mercedes-Benz,G-Class,2020,195869160
Toyota,Corolla,2022,195870833
MG,MG 5,2022,195872926
Jac,S3,2022,195844650
MG,6,2022,195872335
MINI,Cooper,2018,195875147
Mercedes-Benz,B200,2013,195874590
Fiat,500X,2020,195875752
Skoda,Octavia,2021,195892802
Opel,Astra,2020,195892579
BMW,528,2013,195892803
MINI,Cooper,2011,195877889
Kia,Sorento,2020,195750028
Mercedes-Benz,B150,2006,195891767
Suzuki,Vitara,2021,195895497
Hyundai,Tucson,2022,195896285
Lada,Granta,2019,195886229
Chevrolet,Optra,2023,195796654
Daewoo,Nubira,2000,195903043
Toyota,Corolla,2013,195865975
Other make,Landwind,2007,195897541
Mercedes-Benz,A200,2019,195897195
BYD,F3,2022,195768654
Chery,Tiggo,2021,195767449
Nissan,X-Trail,2012,195898377
Nissan,Tiida,2011,195899036
Renault,Kadjar,2019,195778466
Mercedes-Benz,E200,2021,195896890
Land Rover,Range Rover Sport,2021,195646715
Mercedes-Benz,C180,2015,195899310
Hyundai,Accent,2015,195899764
Volkswagen,Passat,2015,195913449
Nissan,Sunny,2009,195810386
Peugeot,5008,2015,195733057
Hyundai,Elantra,2007,195915300
Nissan,Qashqai,2016,195917248
Hyundai,Verna,2018,195915032
Hyundai,Elantra,2019,195919047
Speranza,Tiggo,2012,195917017
Toyota,Yaris,2015,195891260
BMW,X5,2019,193207685
Subaru,XV,2016,195918616
Hyundai,Elantra,2019,195920181
Dodge,Ram,2009,195920442
Mercedes-Benz,E200,2022,195530015
Jac,J7,2022,195799272
BMW,X1,2020,195931497
Seat,Arona,2022,195933004
Mercedes-Benz,E200,2021,195932425
Seat,Toledo,2017,195936132
Chery,Arrizo 5,2022,195933673
Mercedes-Benz,E350,2019,195937462
Ford,Fusion,2018,195597717
Alfa Romeo,Stelvio,2020,195936572
Hyundai,Elantra,2022,195840596
Chrysler,Town and Country,2003,195941558
Mercedes-Benz,C180,2021,195943235
Nissan,Sunny,2022,195934378
BYD,F3,2023,195944759
Mazda,3,2015,195944612
Jac,J7,2022,195943325
Renault,Logan,2016,195943997
Kia,Cerato,2021,195944548
Renault,Logan,2020,195945990
Nissan,Sentra,2016,195959785
Toyota,Corolla,2004,195941876
Kia,Cerato,2011,195946946
Peugeot,5008,2022,195946229
Chevrolet,Lanos,2012,195940371
Mercedes-Benz,C180,2019,195959714
Mercedes-Benz,C200,2020,195818920
MG,MG 5,2020,195948491
Hyundai,Accent,2000,195959654
BMW,320,2022,195960848
Mercedes-Benz,E300,2020,195562309
Renault,Kadjar,2018,195959213
Kia,Cerato,2017,195975775
Land Rover,Range Rover Sport,2010,195962889
Renault,Sandero Stepway,2022,195897080
Renault,Fluence,2016,195963070
Mercedes-Benz,C180,2016,195927387
Hyundai,Elantra,2008,195863651
Toyota,Belta,2022,195964944
Suzuki,Dzire,2022,195863370
Opel,Insignia,2016,195965144
Kia,Cerato,2021,195947259
Kia,Sportage,2017,195767923
Geely,Other,2022,195965653
Lada,Granta,2018,195873455
Proton,Waja,2010,195967722
Mercedes-Benz,E300,2018,195966586
Hyundai,Tucson,2017,195980676
Kia,Xceed,2022,195858989
Renault,Logan,2018,195678741
Fiat,500X,2022,195751313
Ssang Yong,Tivoli XLV,2020,195980294
BMW,Other,2023,195979970
Toyota,C-HR,2017,195980332
BMW,520,2014,194687227
Nissan,Sunny,2022,195981373
Opel,Insignia,2017,195981754
Land Rover,Velar,2022,195981544
BYD,F3,2019,195997873
Mercedes-Benz,C180,2022,195867931
Mercedes-Benz,GLC 300,2021,195981863
Chevrolet,Lanos,2016,195973403
MG,6,2021,195961400
Fiat,Tipo,2018,195984378
Nissan,Sunny,2021,195984488
BMW,520,2005,195917781
Mercedes-Benz,CLA 200,2022,195984598
Opel,Insignia,2018,195984318
Mercedes-Benz,B150,2006,196003846
Mitsubishi,Lancer,2017,195847780
MG,HS,2021,196004023
Mercedes-Benz,CLA 200,2022,195900123
Mercedes-Benz,A200,2014,196002737
Kia,Sportage,2021,196003998
Nissan,Sunny,2021,196020463
Renault,Logan,2015,196008707
Mercedes-Benz,E250,2010,195208811
BMW,316,2003,196018653
Seat,Leon,2014,196022204
Jac,J7,2022,196025509
Kia,Soul,2012,196024852
Nissan,Sunny,2019,196025859
Renault,Kadjar,2018,196025880
Cadillac,Escalade,2017,195861605
BMW,318,2017,196029801
Hyundai,Elantra,2008,196026645
Bentley,Continental,2015,195857520
Chery,Tiggo,2022,196030194
Toyota,Corolla,2019,195923064
MG,MG 5,2022,196044676
Mercedes-Benz,E180,2016,196046978
BMW,218,2021,195940459
Renault,Megane,2018,196047244
BMW,520,2005,196047091
Audi,Q2,2020,196047302
Suzuki,Van,2016,196046551
Renault,Duster,2015,196047337
Volkswagen,Passat,2020,196042992
Chery,Tiggo,2022,195767418
Geely,Emgrand 7,2015,196047945
Renault,Logan,2015,196048203
Suzuki,Dzire,2022,195643536
Subaru,Impreza,2008,195957899
Brilliance,H530,2022,195515279
Renault,Megane,2019,195958259
Mitsubishi,Lancer,2014,196067916
Opel,Astra,2012,196066224
BMW,318,2017,196068116
Nissan,Other,2009,196066192
Mercedes-Benz,S500,2007,196068599
BMW,520,2020,196068347
Chevrolet,Malibu,2021,195968598
Chevrolet,Optra,2022,196082828
BYD,L3,2022,195766434
Kia,Sportage,2018,195977141
Nissan,Sunny,2012,196084381
BMW,X5,2018,196084710
Opel,Insignia,2014,196076025
Chevrolet,Optra,2009,196084932
Hyundai,Elantra,2007,196084435
Fiat,Doblo,2015,196085266
Proton,Gen-2,2008,196070303
BMW,520,2018,196086256
Audi,A4,2013,196100603
MG,6,2021,196086408
Jaguar,XF,2013,196101992
BMW,316,2006,196101309
Hyundai,Tucson,2022,195996467
Hyundai,Getz,2009,196101452
Seat,Leon,2014,196102649
Mitsubishi,Lancer,2016,196102362
Hyundai,Elantra,2018,196103347
Citroen,DS7,2019,195868961
Fiat,Tipo,2020,196107921
BMW,X5,2023,196102988
Renault,Kadjar,2022,195991363
MG,RX5,2022,196085535
Kia,Xceed,2022,196108110
Skoda,Rapid,2013,195991925
Honda,Civic,2018,196001084
Toyota,Fortuner,2013,196108657
Toyota,Corolla,2021,196108320
Seat,Ateca,2020,196109560
Mercedes-Benz,E180,2018,196108820
Citroen,C-Elysée,2020,196110890
Hyundai,Tucson,2019,196111028
Opel,Vectra,2008,196111224
Volkswagen,Other,2005,196113469
BMW,X3,2017,196007396
MG,RX5,2020,196112346
Hyundai,Accent,2021,196023092
Nissan,Qashqai,2017,196129256
Cadillac,Escalade,2014,196132787
Hyundai,Accent,2021,196020502
BMW,X3,2015,194868251
Porsche,Macan,2021,195362709
Chevrolet,Cruze,2016,196135574
Lada,Granta,2021,193958466
Porsche,Cayenne,2020,196133993
Mercedes-Benz,CLS,2020,196136489
Seat,Arona,2021,196148227
Opel,Corsa,2004,196127213
Chevrolet,Camaro,2016,196021019
Mitsubishi,Lancer,2006,196157083
Ford,Mustang,2017,196148479
Kia,Ceed,2017,196150394
Kia,Sportage,2022,196150602
Hyundai,Elantra,2018,196148334
Skoda,Kamiq,2022,196150925
MG,6,2020,196152183
Chevrolet,N300,2016,194925267
Hyundai,Getz,2011,196152196
Mercedes-Benz,GLE-Class,2016,195371955
Dodge,Ram,2009,187317314
Infiniti,Q,2018,196140821
Opel,Insignia,2014,196048269
Audi,A3,2017,196162527
Jeep,Renegade,2016,196162894
Opel,Astra,2017,196163373
Hyundai,Accent,2012,196057718
Toyota,Corolla,2013,196059399
Mercedes-Benz,E300,2010,196059713
Skoda,Octavia,2007,196151769
Nissan,Sunny,2020,196165246
MG,MG 5,2021,196152069
Opel,Astra,2021,196063259
Toyota,Corolla,2021,196167043
Daewoo,Zaz,2004,196174684
Skoda,Octavia,2011,196174465
Mitsubishi,Lancer,2015,196175441
Peugeot,3008,2019,196091962
Tesla,Model X,2018,196175841
Mercedes-Benz,C200,2008,196176436
Mercedes-Benz,E200,2019,196176037
Nissan,Sunny,2023,196187533
Nissan,Sunny,2019,196187652
Fiat,Tipo,2021,196176184
Speranza,A113,2008,196177318
Citroen,C4 Picasso,2015,196177787
Audi,A5,2018,196113457
Fiat,Petra,2004,196126261
Volkswagen,Golf,2010,196177818
Skoda,Octavia,2021,196179245
Mercedes-Benz,E180,2019,196178620
Hyundai,Elantra,2016,196181381
Mercedes-Benz,C280,2008,196180683
Mercedes-Benz,E250,2011,196089449
Mercedes-Benz,S560,2008,196194894
Jeep,Renegade,2019,196195063
Hyundai,Tucson,2019,196176259
BMW,520,2015,196195158
Skoda,Octavia,2021,196207227
Mercedes-Benz,C300,2020,196207570
Speranza,Tiggo,2009,196207802
Mitsubishi,Pajero,2016,196208239
Land Rover,Velar,2019,196105685
Mercedes-Benz,Other,2021,192475900
Speranza,A516,2009,196206311
Renault,Logan,2021,196106632
Chevrolet,Optra,2018,196208092
Land Rover,Range Rover Sport,2022,196209098
Peugeot,5008,2023,196208776
Chevrolet,Optra,2021,196206878
Renault,Logan,2017,196157675
Chery,Tiggo,2020,196217371
Renault,Captur,2016,196167667
Opel,Astra,2019,196217802
BMW,316,2015,196209160
Lada,2107,2004,194165022
Other make,Mahindra,2009,196218789
Jaguar,F-Pace,2018,196219458
Nissan,Sunny,2018,196219522
Hyundai,Elantra,2019,196217808
Suzuki,Van,2022,196219845
Audi,Q5,2010,196220625
Nissan,Sunny,2020,196220575
Citroen,C5,2022,196221437
Jeep,Grand Cherokee,2014,195208032
Mercedes-Benz,C180,2018,196222007
Mercedes-Benz,E200,2023,196222338
Speranza,M11,2011,196221895
Hyundai,I10,2022,196230521
Hyundai,Elantra,2015,196023237
Kia,Sportage,2021,196230614
BYD,F3,2015,196231618
Renault,Megane,2020,196230359
BMW,X5,2018,196230781
Kia,Rio,2015,196231797
Chevrolet,Optra,2019,194502360
Hyundai,Elantra,2022,196232505
Volvo,XC60,2012,196147825
Hyundai,Creta,2021,196233493
Nissan,Sentra,2016,196233877
Fiat,Doblo,2017,196233667
Toyota,Corolla,2001,195670477
Nissan,Sunny,2018,196242864
Kia,Sportage,2015,196208636
Jeep,Cherokee,2012,196242688
Skoda,Octavia,2018,196247426
Jeep,Cherokee,2009,196242995
Mitsubishi,Xpander,2019,196142086
Volkswagen,Jetta,2008,196195978
Porsche,Cayenne,2008,196240496
Porsche,Macan,2017,196242691
Peugeot,3008,2022,196243853
Skoda,Octavia,2020,196243780
Kia,Cerato,2018,196243907
Other make,Other,2020,196000696
Fiat,Tipo,2021,196244041
Nissan,Sunny,2007,196250515
Nissan,Sunny,2023,196250408
Speranza,A113,2013,196251221
Mercedes-Benz,C180,2018,195946635
Peugeot,508,2022,195992927
Mercedes-Benz,C200,2020,196251960
Jeep,Renegade,2019,196249854
Fiat,Tipo,2021,196134242
Fiat,Tipo,2022,196151686
Brilliance,Jinbei,2015,196251878
Toyota,Belta,2022,194977313
Volkswagen,Golf,2012,196251056
Mitsubishi,Eclipse,2021,196253648
Mercedes-Benz,E300,2021,195165460
Mazda,3,2019,196256571
Lifan,320,2015,196256661
Kia,Carnival,2006,194633074
Renault,Fluence,2015,196257555
BYD,F3,2015,196214127
Seat,Ateca,2020,196257868
Jeep,Grand Cherokee,2015,196255791
Seat,Ibiza,2010,196257655
Mercedes-Benz,E250,2015,196256776
Chevrolet,Aveo,2018,196258507
Kia,Cerato,2011,196257544
Renault,Sandero Stepway,2019,196258516
Chery,Tiggo,2021,196258460
Renault,Clio,2004,196258663
Toyota,Corolla,2013,196263515
Opel,Astra,2020,196258794
Hyundai,Elantra,2021,196258676
Ford,Focus,2018,196263820
Suzuki,Van,2014,196264100
Suzuki,Swift,2022,196265543
Peugeot,207,2008,196265023
Opel,Insignia,2016,196265764
Jeep,Renegade,2019,196155871
Mitsubishi,Pajero,2006,196266047
Chery,Envy,2017,196266200
Volkswagen,Tiguan,2020,196163339
Senova,A1,2016,196266753
BMW,X3,2019,196022178
Jetour,X95,2022,196302118
BMW,740,2019,196267151
Peugeot,405,2003,196302286
BMW,X5,2018,196164805
Kia,Picanto,2011,196267257
Opel,Corsa,2013,196267055
Mercedes-Benz,C300,2020,196267901
Kia,Ceed,2019,196266820
BMW,X3,2019,196268493
Volkswagen,Passat,2011,196251527
Mercedes-Benz,CLA 200,2022,196023846
Nissan,Sunny,2020,196309703
Daewoo,Nubira,2001,196267087
Nissan,Sunny,2009,196306493
BMW,418,2022,195980090
Chevrolet,Optra,2022,196306574
Peugeot,3008,2021,196306915
Fiat,Tipo,2020,194844202
Kia,Sportage,2018,196306515
Mercedes-Benz,C180,2016,196203754
Peugeot,5008,2019,196307023
Jeep,Grand Cherokee,2016,196307309
Peugeot,405,2007,196306487
Mercedes-Benz,E200,2022,196306657
Peugeot,407,2005,196311508
Chevrolet,Lanos,2012,196311697
Toyota,Hilux,2008,196312307
Nissan,Sunny,2018,196237307
Fiat,Tipo,2020,196312883
BMW,X5,2021,196210088
BMW,520,2019,196312872
Kia,Sorento,2020,196312902
Chevrolet,Aveo,2020,196312926
Kia,Cerato,2012,196320260
Porsche,Cayenne,2020,196321236
Saipa,Tiba,2015,196255846
Hyundai,Accent,2022,196321749
Kia,Rio,2004,196319937
MG,MG 5,2020,196294654
Hyundai,Elantra,2021,196322731
Kia,Cerato,2008,196322265
Fiat,Tipo,2021,196322429
Chevrolet,N200,2010,196322693
BMW,116,2009,196323134
Volkswagen,Passat,2022,196323263
DFSK,Eagle 580,2019,196322681
Hyundai,Verna,2006,196328068
Porsche,Cayenne,2019,196333001
BYD,F3,2020,196328488
Renault,Sandero Stepway,2017,196225217
Chevrolet,Optra,2021,196336882
Skoda,Scala,2022,196337007
Skoda,Octavia,2014,196338236
Audi,A4,2008,196341128
Mercedes-Benz,C180,2016,196337857
Hyundai,Verna,2012,196342645
Chevrolet,Malibu,2021,196338633
Ssang Yong,Tivoli,2017,196338199
Mitsubishi,Lancer,2008,196342813
Hyundai,Accent,2012,196343108
Renault,Logan,2013,196343184
Chery,Arrizo 5,2020,196342028
Skoda,Rapid,2016,196343891
Seat,Toledo,2018,196343463
Renault,Megane,2018,196356788
Jeep,Cherokee,2019,196344769
Fiat,Tipo,2020,196344149
BMW,320,2008,196343541
Toyota,Corolla,2019,196239876
BMW,525,2009,196241538
Renault,Sandero Stepway,2019,196345297
Citroen,C4 Grand Picasso,2019,196350556
Hyundai,Elantra,2012,196343883
Mercedes-Benz,C180,2012,193641055
Chevrolet,Pickup/Dababa,2009,196350384
Hyundai,Tucson,2021,196351182
Mercedes-Benz,A200,2013,196343127
Hyundai,Verna,2010,196348767
Kia,Cerato,2020,196360030
Nissan,Sunny,2020,196358408
Kia,Other,2010,196357848
Toyota,Corolla,2022,196360293
Chery,Tiggo,2022,196360163
Renault,Logan,2021,195949629
Kia,Rio,2014,196255824
Fiat,Tipo,2021,196365338
Renault,Kadjar,2019,196359933
Audi,A6,2022,196161182
Mercedes-Benz,GLS,2021,196346388
Mercedes-Benz,GLE-Class,2021,196360529
Peugeot,3008,2022,196360483
Kia,Cerato,2018,196365171
Volkswagen,Tiguan,2016,196363607
Mercedes-Benz,C180,2019,196366287
Hyundai,Sonata,2002,196362774
Audi,TT,2002,196366577
Audi,Q3,2023,196361680
Kia,Rio,2015,196339288
Mitsubishi,Lancer,2008,196373676
Speranza,A113,2012,196270215
BYD,F3,2022,196369387
Renault,Duster,2023,196374031
Fiat,Doblo,2021,196366704
Nissan,Sunny,2019,196367707
Nissan,Tiida,2009,196270914
Opel,Grandland,2018,196374536
Peugeot,3008,2019,196271256
Peugeot,508,2018,196360594
Honda,Civic,2017,196379404
Hyundai,Verna,2010,196368945
Ford,Focus,2007,196379868
Renault,Clio,2008,196378214
Chevrolet,Captiva,2020,196357886
MG,6,2022,196156280
Suzuki,Alto,2007,196251961
Skoda,Rapid,2015,196281499
Honda,City,2005,196380000
Mitsubishi,Lancer,2016,196367835
Renault,Clio,2008,196380521
Jeep,Grand Cherokee,2017,196384769
Chevrolet,Optra,2022,196380794
BMW,523,2011,196380664
Hyundai,Verna,2014,196378865
Seat,Ibiza,2019,196288148
Hyundai,Elantra,2019,196391965
Mitsubishi,Lancer,2014,196390713
Mercedes-Benz,GLA 200,2019,196381280
Peugeot,307,2006,196388198
MG,MG 5,2020,196397823
Chery,Tiggo,2021,196396754
Toyota,Corolla,2022,196390741
Mitsubishi,Lancer,2016,196390127
Mercedes-Benz,E180,2018,196397893
Nissan,Qashqai,2019,196397677
Peugeot,3008,2016,196398030
Suzuki,Pick up,2015,196171106
Geely,Emgrand 7,2015,196398311
Kia,Cerato,2013,196403108
BMW,X3,2016,196397960
Opel,Astra,2015,196398117
Mercedes-Benz,CLA 180,2015,196403407
Daewoo,Lanos,2011,196403519
Renault,Duster,2013,196403200
Mercedes-Benz,CLS,2020,196404212
Renault,Logan,2020,196387901
Subaru,XV,2016,196328952
Mercedes-Benz,B180,2014,196387479
Mercedes-Benz,E230,2009,196320249
Nissan,Sunny,2022,196405352
Zotye,T600,2019,196404806
Volkswagen,Jetta,2008,196406027
Jac,J7,2022,196405435
Chevrolet,Pickup/Dababa,2018,190670372
Mitsubishi,Pickup,2007,196400397
DFSK,Glory 330,2022,195765108
Suzuki,Maruti,2011,196381380
Hyundai,Matrix,2006,196406211
MG,6,2020,196410211
Land Rover,Range Rover Sport,2016,196410616
Opel,Insignia,2017,196410682
Volkswagen,Jetta,2008,196410381
Subaru,XV,2014,196410866
Nissan,Qashqai,2017,196410548
BMW,X5,2018,196414127
MG,HS,2022,196414199
Seat,Leon,2014,196413927
Daewoo,Lanos,2001,196410337
Mitsubishi,Lancer,2018,196414456
Fiat,Tipo,2018,196405672
Opel,Vectra,2008,196413589
Porsche,Macan,2015,196312605
Renault,Fluence,2015,196283860
Skoda,Octavia,2010,196414913
Toyota,Corolla,2022,196414765
Skoda,Octavia,2021,196415461
Daewoo,Nubira,2007,196414789
Speranza,A113,2008,196415509
Fiat,Siena,2001,196415556
Renault,Logan,2019,196415833
Mercedes-Benz,E200,2010,196416123
Mercedes-Benz,A200,2019,196423206
BMW,X3,2010,196415956
Toyota,Yaris,2019,196422177
Audi,A5,2023,196424082
Kia,Cerato,2015,196415655
Tesla,Model Y,2023,196424117
Nissan,Qashqai,2017,196424180
BYD,F3,2020,196424313
Jeep,Renegade,2016,196424213
Mercedes-Benz,C180,2020,195974049
Jeep,Liberty,2006,196416142
Kia,Cerato,2010,196312955
Mercedes-Benz,E200,2017,196424948
Toyota,Rush,2022,196323007
Volkswagen,Passat,2018,196428613
Fiat,Tipo,2020,196425243
Land Rover,Evoque,2020,196425160
Geely,Emgrand 7,2014,196428934
Mercedes-Benz,C180,2022,196429161
Mercedes-Benz,C180,2013,196424978
Kia,Soul,2015,196256246
Toyota,Fortuner,2022,196429332
Mercedes-Benz,C200,2023,196436925
Porsche,Cayenne,2019,194870806
Hyundai,Elantra,2022,196429129
Nissan,Sentra,2021,196394000
Nissan,Sunny,2017,196345925
Renault,Kadjar,2018,196436911
Land Rover,Range Rover Vogue,2015,196308944
Mercedes-Benz,C180,2019,196432473
Fiat,Siena,2003,196395277
Hyundai,Accent,2013,196437716
Renault,Duster,2019,196025517
BMW,X3,2016,196437887
Daewoo,Nubira,2008,196441697
Citroen,C5,2012,196437521
Nissan,Sunny,2020,196441879
Hyundai,Elantra,2007,196441909
Renault,Duster,2019,196441774
Kia,Cerato,2018,196442474
Toyota,Corolla,2003,196442191
Nissan,Sentra,2018,196442772
Hyundai,Elantra,2018,196442761
BYD,F3,2018,196440920
Opel,Insignia,2014,196443110
Mercedes-Benz,CLA 180,2018,196443009
MG,HS,2021,196443467
Renault,Logan,2022,196443418
Mercedes-Benz,B180,2015,196443022
Mitsubishi,Lancer,2014,196443609
BMW,X1,2020,196443106
BMW,525,2007,196442741
Jeep,Liberty,2005,196347455
Audi,A3,2008,196442595
Mitsubishi,Pajero,2014,196445897
Fiat,500X,2020,196445906
Land Rover,Discovery,2020,196446085
Mercedes-Benz,GLC 300,2021,195516857
Nissan,Sunny,2012,196446900
Opel,Grandland,2019,196446600
Hyundai,Accent,2010,196379149
Mercedes-Benz,C180,2015,196446274
Volkswagen,Tiguan,2016,196446211
Chery,Other,2018,196454369
Renault,Duster,2018,196453328
Skoda,Octavia,2007,196450679
Nissan,Sunny,2017,196457098
BMW,X5,2007,196455133
BMW,X6,2010,196454892
Jeep,Cherokee,2013,196453886
Mercedes-Benz,C180,2009,195906215
Porsche,Macan,2021,196304016
Changan,Benni mini,2017,196356532
Peugeot,508,2022,196357095
Hyundai,Matrix,2011,196459260
Geely,Emgrand 7,2015,196446716
Kia,Cerato,2015,196450160
Ford,Ka,2009,196459470
Nissan,Sunny,2022,196459450
Skoda,Octavia,2007,196458599
Hyundai,Solaris,2016,196461320
Hyundai,Elantra,2019,196458810
Kia,Cerato,2010,196446058
Suzuki,Maruti,2009,196461449
Audi,A4,2018,196465779
Kia,Sportage,2020,196364203
MG,6,2022,196461474
BYD,F3,2020,196461607
Kia,Sportage,2020,196462181
Hyundai,Elantra,2019,196459504
Kia,Cerato,2004,196461928
Hyundai,Bayon,2022,196462371
BMW,218,2015,196461541
Opel,Insignia,2018,196364138
BMW,X1,2011,196468581
Mercedes-Benz,GLS,2023,196462982
Chery,Tiggo,2022,196463130
Chevrolet,Optra,2008,196468665
Peugeot,3008,2021,196468723
Skoda,Octavia,2022,196468853
Nissan,Qashqai,2019,196463460
Mitsubishi,Lancer,2015,196468682
Nissan,Pickup,2009,196468412
Chevrolet,Lanos,2009,196469955
Hyundai,I20,2022,196469900
BYD,F3,2018,196468867
BMW,X1,2015,196474650
BMW,X1,2014,196474644
MG,MG 5,2022,196474704
Audi,A4,2018,196475250
Skoda,Superb,2018,196474721
Hyundai,Tucson,2020,196469029
Suzuki,Van,2014,196468856
Opel,Astra,2008,196475440
Mitsubishi,Lancer,2007,196469477
Mitsubishi,Lancer,2015,196475431
Daewoo,Nubira,2009,196469514
Nissan,Sentra,2023,196440746
Nissan,Sunny,2020,196463816
Opel,Astra,2009,196475459
Daewoo,Lanos,2005,196475613
Kia,Cerato,2016,196475666
Mitsubishi,Lancer,2016,196477929
Renault,Megane,2022,195110880
Opel,Astra,2004,196473523
Volkswagen,Passat,2019,196478261
Opel,Astra,2021,196383408
Mercedes-Benz,C180,2020,196383466
BYD,L3,2022,195796475
Hyundai,Tucson,2018,195768585
Hyundai,Elantra,2023,196479251
Mitsubishi,Lancer,2018,196479393
Hyundai,Matrix,2010,196479344
Hyundai,Verna,2012,196483510
Chevrolet,Optra,2008,196479625
Daewoo,Lanos,2000,196484809
BMW,X3,2012,196079871
Mercedes-Benz,C200,2022,196485248
Mercedes-Benz,C200,2022,196485276
Opel,Meriva,2016,196256710
MG,MG 5,2020,196487091
Opel,Vectra,2002,196487099
Peugeot,2008,2021,196394981
Toyota,Corolla,2019,196202907
Nissan,Sunny,2017,196479330
Subaru,XV,2018,196487302
Kia,Cerato,2015,196487532
Toyota,Corolla,2017,195796283
Citroen,C5,2020,196350811
Hyundai,Tucson,2021,196443659
Fiat,Grand Punto,2013,196487835
Skoda,Octavia,2014,196487673
Renault,Logan,2019,196487955
Suzuki,Ciaz,2021,196488056
BYD,F3,2017,196488246
Skoda,Octavia,2021,196488031
Fiat,Tipo,2021,196332816
Mitsubishi,Lancer,2008,196483493
Nissan,Qashqai,2016,196489568
Mercedes-Benz,C180,2012,196489740
Audi,A3,2022,196488308
Mercedes-Benz,C180,2013,196489983
Skoda,Octavia,2010,196489642
BMW,528,2011,196490109
Hyundai,Tucson,2017,196489601
Chevrolet,Aveo,2020,196490425
Opel,Astra,2014,196490120
BMW,523,2008,196490142
Mercedes-Benz,C180,2016,196490231
Peugeot,208,2022,196399735
Mercedes-Benz,E200,2020,196487731
Hyundai,Verna,2005,196467009
Skoda,Octavia,2015,196490557
Kia,Picanto,2009,196494354
Renault,Duster,2019,196405966
Jeep,Grand Cherokee,2018,196490828
Kia,Rio,2016,196490506
Hyundai,Elantra,2022,196491045
Toyota,Corolla,2019,196490234
Haval,Jolion,2022,196481611
Fiat,Tipo,2021,196491567
Mercedes-Benz,C200,2022,196491486
Hyundai,Elantra,2019,196491444
Suzuki,Pick up,2022,196454831
Speranza,A516,2007,196495061
Volkswagen,Passat,2019,196491583
Bentley,Flying Spur,2021,191211229
Mercedes-Benz,E200,2002,196496292
BMW,318,2017,195964336
Volkswagen,Golf,2010,196495447
Lada,Other,2008,196473200
Hyundai,Accent,2010,196496589
Daewoo,Nubira,2007,196322398
Renault,Megane,2018,196495619
Opel,Grandland,2018,195067997
Fiat,Siena,2002,196495678
BMW,528,2016,196500134
Suzuki,Van,2017,196499856
Ford,Focus,2013,196499996
Jeep,Renegade,2016,196496977
Mercedes-Benz,E200,2014,196503854
Mercedes-Benz,GLC 250,2020,196349555
Opel,Astra,2007,196503214
Toyota,Corolla,2020,196504195
Nissan,Qashqai,2022,196504794
MG,ZS,2020,196500373
Mercedes-Benz,GLA 200,2020,196506534
Audi,A3,2017,196504391
Peugeot,3008,2019,196420574
Mercedes-Benz,C200,2020,196504939
Land Rover,Range Rover Sport,2020,196477221
Mercedes-Benz,E200,2022,196505114
Ford,Fiesta,2012,196505183
Kia,Cerato,2022,196094821
Nissan,Sunny,2020,196505324
Kia,Rio,2001,196497545
Hyundai,Tucson,2019,196505677
Chevrolet,Pickup/Dababa,2021,196505446
Volkswagen,Passat,2021,196510021
Hyundai,Coupe,2005,196505493
Kia,Cerato,2014,196509389
Nissan,Sunny,2013,196509493
Mercedes-Benz,E300,2010,196508374
Nissan,Sunny,2016,196509464
Kia,Cerato,2013,196505593
Renault,Sandero,2012,196509662
Toyota,Fortuner,2017,196509725
Kia,Xceed,2022,196443187
Peugeot,2008,2021,196513803
Nissan,Sentra,2019,196508213
Skoda,Octavia,2009,196510701
Honda,Civic,2008,196513128
Chery,Tiggo,2021,196394392
Ssang Yong,Tivoli XLV,2017,196395566
Jeep,Grand Cherokee,2019,196258362
Land Rover,Range Rover Vogue,2019,196391258
BMW,X6,2019,196513375
Volkswagen,Caddy,2008,196427193
Mercedes-Benz,C200,2022,196513434
Peugeot,301,2021,195766335
MG,MG 5,2022,195766389
Hyundai,Elantra,2017,196517188
Brilliance,V5,2014,196507778
Skoda,Kodiaq,2020,196514998
Nissan,Sunny,2022,196480702
Hyundai,Elantra,2017,196349351
Volkswagen,Tiguan,2018,196515484
MG,RX5,2019,196515915
Mercedes-Benz,GLA 200,2016,196435479
Opel,Astra,2015,196515922
Kia,Cerato,2017,196503933
Brilliance,Galena,2008,196502872
Volkswagen,Passat,2008,196517475
Land Rover,Range Rover Vogue,2020,196421156
Mercedes-Benz,GLC 300,2022,196112905
Mercedes-Benz,B150,2007,196454146
BMW,418,2016,196517919
Mitsubishi,Eclipse,2019,196515331
Opel,Insignia,2018,196483663
Chery,Tiggo,2017,196483202
